,under_pressure,shot_outcome_name,distance_to_goal,shot_angle,gk_name,gk_engage
0,1,Saved,13.45362405,48.0127875,Danijel Subašić,0.525588331
1,0,Saved,14.86606875,47.72631099,David Ospina Ramírez,0.190260598
2,0,Goal,13.89244399,30.25643716,Wojciech Szczęsny,0.580334011
3,0,Goal,15.13274595,7.594643369,Wojciech Szczęsny,0.738817656
4,0,Blocked,8.062257748,60.2551187,David Ospina Ramírez,0.447213595
5,0,Blocked,7.280109889,74.0546041,Wojciech Szczęsny,0.307147558
6,0,Off T,8.485281374,45,Francisco Guillermo Ochoa Magaña,1
7,0,Saved,3.16227766,18.43494882,Francisco Guillermo Ochoa Magaña,0.316227766
8,0,Saved,13.41640786,63.43494882,Vladimir Stojković,0.166666667
9,0,Saved,10.44030651,73.30075577,Vladimir Stojković,0.789843789
10,0,Goal,14.03566885,4.08561678,Vladimir Stojković,0.21374115
11,0,Saved,15,53.13010235,Vladimir Stojković,0.721110255
12,1,Saved,13.89244399,59.74356284,David Ospina Ramírez,0.741095674
13,0,Goal,6,0,Jaime Manuel Penedo Cano,0.527046277
14,0,Saved,13.03840481,32.47119229,Jaime Manuel Penedo Cano,0.383482494
15,1,Saved,17.08800749,69.44395478,Mathew Ryan,0.707106781
16,0,Saved,10.29563014,29.0546041,Igor Akinfeev,0.758598509
17,1,Goal,1.414213562,45,Igor Akinfeev,0.707106781
18,1,Saved,10.63014581,41.18592517,Francisco Guillermo Ochoa Magaña,0.602355259
19,0,Off T,21.02379604,64.65382406,Alisson Ramsés Becker,0.874474632
20,1,Blocked,19.41648784,55.49147701,Danijel Subašić,0.742781353
21,0,Off T,12.08304597,65.55604522,Danijel Subašić,0.596795093
22,0,Blocked,18.02775638,70.55996517,Igor Akinfeev,0.877058019
23,0,Off T,15.23154621,66.80140949,Pedro David Gallese Quiróz,0.529313153
24,0,Saved,8.246211251,14.03624347,Pedro David Gallese Quiróz,0.618346942
25,1,Wayward,6.08276253,9.462322208,Eiji Kawashima,0.657595949
26,0,Goal,17.80449381,51.84277341,Thibaut Courtois,0.732309772
27,0,Blocked,10,36.86989765,Eiji Kawashima,0.728010989
28,0,Blocked,12.20655562,55.0079798,Thibaut Courtois,0.40961596
29,0,Saved,12.72792206,45,Thibaut Courtois,0.392837101
30,1,Blocked,5,53.13010235,Danijel Subašić,0.282842712
31,0,Off T,10.29563014,60.9453959,Wilfredo Daniel Caballero,0.739709275
32,0,Goal,17.02938637,40.23635831,Franco Armani,0.473432076
33,1,Blocked,16.1245155,29.7448813,Hugo Lloris,0.832050294
34,0,Saved,11.40175425,74.7448813,Thibaut Courtois,0.361620285
35,0,Off T,17.69180601,47.29061004,Alisson Ramsés Becker,0.723851961
36,0,Wayward,17.88854382,63.43494882,Hugo Lloris,0.776611228
37,0,Off T,6.32455532,71.56505118,Hugo Lloris,0.5
38,0,Saved,18.43908891,49.39870535,Hugo Lloris,0.806225775
39,0,Goal,6.708203932,26.56505118,Hugo Lloris,0.210818511
40,0,Goal,15,53.13010235,Hannes Þór Halldórsson,0.659966329
41,0,Saved,10,53.13010235,Mohamed El Shenawy,0.282842712
42,0,Off T,17.72004515,73.61045967,Wilfredo Daniel Caballero,0.535372958
43,0,Saved,14.86606875,70.34617594,Igor Akinfeev,0.702291015
44,1,Saved,15.23154621,66.80140949,Igor Akinfeev,0.830454799
45,0,Blocked,13.34166406,77.00538321,Thibaut Courtois,0.691034073
46,0,Goal,9.433981132,32.00538321,Farouk Ben Mustapha,0.382187671
47,0,Wayward,8.062257748,29.7448813,Thibaut Courtois,0.794209815
48,0,Post,6.08276253,9.462322208,Farouk Ben Mustapha,0.735214622
49,0,Goal,8.602325267,35.53767779,Farouk Ben Mustapha,1.150792911
50,0,Blocked,16.2788206,42.51044708,Kasper Schmeichel,0.868744486
51,0,Goal,16.97056275,45,Pedro David Gallese Quiróz,0.294627825
52,1,Blocked,15.62049935,50.19442891,Mohammed Khalil Al Owais,0.7708841
53,0,Saved,8.485281374,45,David de Gea Quintana,0.424918293
54,0,Wayward,5,36.86989765,Munir Mohand Mohamedi,0.565685425
55,0,Wayward,15.62049935,50.19442891,Munir Mohand Mohamedi,0.861280023
56,0,Goal,5.656854249,45,Munir Mohand Mohamedi,0.559016994
57,1,Goal,12.80624847,51.34019175,Francis Odinaka Uzoho,0.71992547
58,0,Saved,11.70469991,70.01689348,Franco Armani,0.38208036
59,0,Saved,22.20360331,35.83765295,Eiji Kawashima,0.363105827
60,0,Off T,13.15294644,8.746162263,Yasser Abdullah Al Mosailem,0.313473916
61,1,Saved,18.97366596,71.56505118,Łukasz Fabiański,0.833333333
62,0,Off T,6.32455532,71.56505118,Łukasz Fabiański,0.707106781
63,0,Goal,8.485281374,45,Eiji Kawashima,0.687184271
64,0,Off T,11.40175425,15.2551187,Eiji Kawashima,0.533493566
65,0,Saved,15.55634919,45,Munir Mohand Mohamedi,0.363636364
66,1,Goal,13.60147051,17.10272897,Alireza Safar Beiranvand,0.791850382
67,0,Saved,7.280109889,15.9453959,Hyun-Woo Cho,0.739709275
68,1,Saved,12.52996409,28.61045967,Munir Mohand Mohamedi,0.686540297
69,1,Off T,5.656854249,45,Francisco Guillermo Ochoa Magaña,0.75
70,0,Blocked,18.24828759,80.53767779,Robin Olsen,0.892073874
71,1,Off T,16.2788206,47.48955292,Francisco Guillermo Ochoa Magaña,0.653004666
72,0,Goal,8.94427191,63.43494882,Francisco Guillermo Ochoa Magaña,0.75
73,0,Off T,9.899494937,45,Rui Pedro dos Santos Patrício,0.505076272
74,0,Goal,17.49285568,30.96375653,Jaime Manuel Penedo Cano,0.857492926
75,0,Saved,17.4642492,23.62937773,Thibaut Courtois,0.333879334
76,0,Off T,16.55294536,64.98310652,David Ospina Ramírez,0.756962813
77,0,Off T,20,53.13010235,Yann Sommer,0.832165849
78,0,Wayward,15.8113883,71.56505118,Danijel Subašić,0.740270221
79,0,Saved,6.08276253,9.462322208,Jordan Pickford,0.328797975
80,0,Goal,9.219544457,49.39870535,Jordan Pickford,0.920357987
81,1,Off T,19.31320792,68.74949449,Hyun-Woo Cho,0.884783489
82,1,Saved,17.88854382,26.56505118,David Ospina Ramírez,0.450693909
83,0,Saved,8.544003745,20.55604522,Eiji Kawashima,0.852072413
84,0,Off T,15.62049935,39.80557109,David Ospina Ramírez,0.781444648
85,0,Wayward,16.1245155,60.2551187,David Ospina Ramírez,0.638507876
86,0,Saved,12.08304597,24.44395478,Eiji Kawashima,0.864045915
87,0,Saved,10.44030651,73.30075577,David Ospina Ramírez,0.789843789
88,1,Off T,20.24845673,57.09475708,Hugo Lloris,0.931822238
89,0,Saved,14.31782106,65.22485943,Thibaut Courtois,0.468521286
90,0,Goal,7.071067812,8.130102354,Jordan Pickford,0.721110255
91,0,Goal,9.433981132,32.00538321,Jordan Pickford,0.678729812
92,0,Saved,14,0,Manuel Neuer,0.285714286
93,1,Saved,23.02172887,55.61965528,Manuel Neuer,0.903870086
94,0,Saved,9.055385138,6.340191746,Vladimir Stojković,0.780868809
95,0,Wayward,10.04987562,5.710593137,Neil Leonard Dula Etheridge,1
96,0,Goal,7.017834424,32.78428087,Angus Gunn,0.841198082
97,0,Off T,4.472135955,63.43494882,Ederson Santana de Moraes,0.5
98,1,Saved,15.23154621,66.80140949,Ederson Santana de Moraes,0.91444349
99,0,Goal,7.810249676,39.80557109,Kepa Arrizabalaga Revuelta,0.724285968
100,0,Saved,13.15294644,8.746162263,Ederson Santana de Moraes,0.462463871
101,0,Saved,11.3137085,45,Kepa Arrizabalaga Revuelta,0.814900301
102,0,Saved,17.02938637,40.23635831,Marcus Bettinelli,0.378198999
103,0,Saved,17.4642492,76.75948008,Marcus Bettinelli,0.826309195
104,0,Wayward,8.602325267,54.46232221,Asmir Begović,0.744348073
105,0,Goal,9.848857802,66.03751103,Asmir Begović,0.867512144
106,1,Blocked,16.1245155,60.2551187,Hugo Lloris,0.777075385
107,0,Off T,12.08304597,65.55604522,Hugo Lloris,0.785135884
108,0,Off T,18.43908891,40.60129465,Jonas Lössl,0.882843001
109,0,Off T,8.544003745,20.55604522,Jonas Lössl,0.785135884
110,0,Saved,16.76305461,72.64597536,Łukasz Fabiański,0.698243857
111,1,Off T,21.40093456,52.59464337,Łukasz Fabiański,0.803920524
112,0,Off T,9.848857802,66.03751103,Asmir Begović,0.546780644
113,1,Off T,24.41311123,34.9920202,Angus Gunn,0.590756539
114,0,Goal,9.219544457,77.47119229,Angus Gunn,0.34299717
115,1,Off T,9.219544457,77.47119229,Hugo Lloris,0.685994341
116,0,Off T,14.4222051,56.30993247,Mathew Ryan,0.686406473
117,0,Blocked,11.40175425,52.12501635,Jordan Pickford,0.707106781
118,0,Wayward,10.29563014,29.0546041,Kepa Arrizabalaga Revuelta,0.835531692
119,0,Goal,7,0,Kepa Arrizabalaga Revuelta,0.769309258
120,1,Saved,12.52996409,28.61045967,Sergio Rico González,0.821680738
121,0,Off T,7.211102551,56.30993247,Sergio Rico González,0.310086836
122,0,Off T,17.49285568,59.03624347,Sergio Rico González,0.697802339
123,0,Saved,17.08800749,69.44395478,Sergio Rico González,0.86997087
124,0,Blocked,13.60147051,53.97262661,Łukasz Fabiański,0.592748978
125,0,Off T,8.602325267,54.46232221,Łukasz Fabiański,0.419136822
126,0,Goal,2.828427125,45,Łukasz Fabiański,0.5
127,1,Off T,13,22.61986495,Łukasz Fabiański,0.729756383
128,0,Saved,3,0,Łukasz Fabiański,1.414213562
129,1,Blocked,10.19803903,78.69006753,Ben Hamer,0.80860754
130,0,Saved,11.18033989,79.69515353,Vicente Guaita Panadero,0.54405882
131,0,Off T,16,0,Ben Hamer,0.628117226
132,0,Goal,12.20655562,55.0079798,Ben Hamer,0.29537827
133,1,Saved,14.7732867,66.03751103,Ben Foster,0.729857429
134,0,Wayward,8.188406438,81.57303098,Bernd Leno,1.363473653
135,0,Off T,5.954829972,49.08561678,Neil Leonard Dula Etheridge,0.489598521
136,0,Saved,9.433981132,32.00538321,Łukasz Fabiański,0.382187671
137,0,Goal,5.099019514,11.30993247,Łukasz Fabiański,1
138,0,Goal,23.34523506,46.73570459,Vicente Guaita Panadero,0.757833706
139,0,Goal,8.062257748,7.125016349,Asmir Begović,0.511408312
140,0,Off T,7.280109889,15.9453959,Alisson Ramsés Becker,0.274721128
141,0,Wayward,13.03840481,57.52880771,David de Gea Quintana,0.894427191
142,0,Post,14.4222051,56.30993247,Kasper Schmeichel,0.693375245
143,0,Saved,14.2126704,50.71059314,Kasper Schmeichel,0.956996125
144,0,Post,13.41640786,26.56505118,Kasper Schmeichel,0.307318149
145,0,Saved,6.207253821,2.770215797,Kasper Schmeichel,0.884741022
146,0,Saved,10.56882207,69.50740523,Alex McCarthy,0.545921642
147,0,Off T,8.485281374,45,Martin Dúbravka,0.920446751
148,0,Goal,16.40121947,52.43140797,Martin Dúbravka,0.609710761
149,0,Saved,9.433981132,57.99461679,Martin Dúbravka,0.711068195
150,0,Goal,13.41640786,63.43494882,Martin Dúbravka,0.567646212
151,0,Saved,17.49285568,30.96375653,Neil Leonard Dula Etheridge,0.539304805
152,1,Saved,17.20465053,54.46232221,Rui Pedro dos Santos Patrício,0.838273644
153,1,Saved,21.02379604,25.34617594,Rui Pedro dos Santos Patrício,0.768438506
154,0,Off T,13,0,Hugo Lloris,0.384615385
155,0,Saved,6.08276253,9.462322208,Jordan Pickford,0.677834389
156,0,Off T,17.80449381,51.84277341,Jordan Pickford,0.81003174
157,0,Off T,19.79898987,45,Jordan Pickford,0.717848259
158,0,Blocked,15.23154621,66.80140949,David de Gea Quintana,0.91444349
159,0,Off T,10.63014581,41.18592517,David de Gea Quintana,0.798228126
160,0,Off T,10.63014581,41.18592517,David de Gea Quintana,0.931266147
161,0,Blocked,7.615773106,23.19859051,Wayne Hennessey,0.742781353
162,1,Saved,15.83161394,26.24134965,Łukasz Fabiański,0.774251489
163,0,Saved,11.98707637,70.50693809,Łukasz Fabiański,0.540965698
164,0,Goal,12.04159458,4.763641691,Mathew Ryan,0.581318359
165,0,Saved,7.615773106,66.80140949,Tom Heaton,0.95592526
166,0,Goal,3.605551275,33.69006753,Alisson Ramsés Becker,0.620173673
167,0,Saved,9.486832981,71.56505118,Joe Hart,0.767390962
168,1,Goal,12.16552506,9.462322208,Joe Hart,0.419136822
169,1,Saved,18.97366596,71.56505118,Łukasz Fabiański,0.933928382
170,0,Goal,6.708203932,26.56505118,Łukasz Fabiański,0.421637021
171,0,Off T,5.385164807,21.80140949,Wayne Hennessey,0.830454799
172,1,Blocked,13.41640786,63.43494882,Rui Pedro dos Santos Patrício,0.5
173,1,Goal,16.03121954,3.576334375,Asmir Begović,0.441081091
174,0,Saved,17.80449381,38.15722659,Łukasz Fabiański,0.857330609
175,0,Saved,10.81665383,56.30993247,Jonas Lössl,0.333333333
176,0,Goal,14.4222051,33.69006753,Jonas Lössl,0.5
177,0,Off T,9.486832981,18.43494882,Jonas Lössl,0.53748385
178,0,Off T,10.77032961,68.19859051,Rui Pedro dos Santos Patrício,0.58722022
179,0,Blocked,17.20465053,35.53767779,Rui Pedro dos Santos Patrício,0.617864675
180,0,Blocked,11.3137085,45,Alisson Ramsés Becker,0.625
181,0,Saved,15,36.86989765,Bernd Leno,0.76011695
182,0,Goal,12.80624847,51.34019175,Łukasz Fabiański,0.736670161
183,0,Goal,9.848857802,66.03751103,Łukasz Fabiański,0.867512144
184,0,Saved,4.242640687,45,Łukasz Fabiański,0.666666667
185,0,Off T,15.5241747,14.93141718,Łukasz Fabiański,0.257662651
186,0,Saved,20.80865205,54.78240703,Łukasz Fabiański,0.82680274
187,0,Blocked,13.60147051,53.97262661,Joe Hart,0.857400219
188,0,Off T,5.385164807,21.80140949,Jordan Pickford,0.58722022
189,0,Saved,11.18033989,26.56505118,Asmir Begović,0.282842712
190,0,Off T,14.4222051,56.30993247,Neil Leonard Dula Etheridge,0.80860754
191,1,Saved,10.63014581,48.81407483,Angus Gunn,0.602355259
192,0,Blocked,16.40121947,52.43140797,Angus Gunn,0.879337365
193,1,Saved,15,53.13010235,Angus Gunn,0.721110255
194,0,Saved,12.80624847,51.34019175,Kasper Schmeichel,0.953171855
195,1,Saved,13.89244399,59.74356284,Rui Pedro dos Santos Patrício,0.869756681
196,0,Goal,14.86606875,42.27368901,Kasper Schmeichel,0.475651494
197,1,Goal,12.80624847,38.65980825,Kasper Schmeichel,0.736670161
198,1,Saved,7.280109889,15.9453959,David Button,0.307147558
199,0,Off T,13.60147051,53.97262661,David de Gea Quintana,0.735214622
200,0,Off T,11.18033989,79.69515353,David de Gea Quintana,0.91214034
201,0,Goal,8.246211251,14.03624347,David de Gea Quintana,0.857492926
202,0,Goal,6.708203932,26.56505118,Sergio Rico González,0.954521404
203,0,Saved,7.615773106,66.80140949,Mathew Ryan,0.29361011
204,0,Goal,12.08304597,24.44395478,Kasper Schmeichel,0.523423923
205,0,Off T,8.602325267,35.53767779,David de Gea Quintana,1.071750273
206,0,Goal,9.211405973,20.99285337,Mathew Ryan,0.762250181
207,0,Post,15.55634919,45,Jordan Pickford,0.683331654
208,0,Post,15,53.13010235,Vicente Guaita Panadero,0.565685425
209,0,Blocked,8.602325267,54.46232221,Ben Foster,0.581238194
210,0,Off T,12.80624847,51.34019175,Ben Foster,0.736670161
211,0,Off T,13.92838828,68.96248897,Ben Foster,0.908153218
212,0,Saved,12.04159458,48.36646066,Kepa Arrizabalaga Revuelta,0.58722022
213,0,Off T,12.80624847,38.65980825,Bernd Leno,0.281546253
214,0,Wayward,16.76305461,72.64597536,Bernd Leno,0.680171634
215,0,Blocked,16.40121947,52.43140797,Kepa Arrizabalaga Revuelta,0.964037359
216,0,Saved,11.18033989,26.56505118,Ben Foster,0.721110255
217,0,Goal,12.64911064,71.56505118,Wayne Hennessey,0.745067111
218,0,Saved,11.18033989,26.56505118,Ben Foster,0.282842712
219,0,Saved,8.544003745,69.44395478,Ben Foster,0.261711961
220,0,Off T,19.31320792,21.25050551,Ben Foster,0.278833264
221,0,Blocked,13.45362405,48.0127875,Ederson Santana de Moraes,0.847485719
222,1,Saved,10.63014581,41.18592517,Neil Leonard Dula Etheridge,0.665190105
223,0,Saved,15,36.86989765,Neil Leonard Dula Etheridge,0.76011695
224,0,Saved,6.08276253,9.462322208,Ben Foster,0.838273644
225,0,Blocked,14.4222051,56.30993247,Neil Leonard Dula Etheridge,0.713873507
226,0,Saved,14.4222051,56.30993247,Martin Dúbravka,0.596463939
227,0,Blocked,12.80624847,51.34019175,Martin Dúbravka,0.441726104
228,1,Saved,13.89244399,59.74356284,David de Gea Quintana,0.901926551
229,1,Wayward,10.44030651,73.30075577,David de Gea Quintana,0.789843789
230,0,Saved,18.86796226,32.00538321,Martin Dúbravka,0.191093835
231,0,Goal,3.16227766,18.43494882,Martin Dúbravka,0.447213595
232,0,Saved,10.63014581,48.81407483,Neil Leonard Dula Etheridge,0.470360434
233,1,Off T,18.43908891,40.60129465,Neil Leonard Dula Etheridge,0.843661488
234,0,Goal,8.544003745,20.55604522,Bernd Leno,0.585205736
235,0,Saved,6.32455532,18.43494882,David de Gea Quintana,0.5
236,0,Goal,20.22374842,8.53076561,Ben Foster,0.197787271
237,0,Saved,6.403124237,51.34019175,Ben Foster,0.349215148
238,0,Goal,8.062257748,7.125016349,David de Gea Quintana,0.511408312
239,0,Goal,17.08800749,69.44395478,Sergio Rico González,0.523423923
240,1,Goal,5.021951812,54.72757855,Marcus Bettinelli,0.777610974
241,0,Saved,15.55634919,45,Joe Hart,0.405183358
242,0,Saved,11.225863,64.11972633,Łukasz Fabiański,0.387165135
243,1,Saved,12.0420098,52.083286,Hugo Lloris,0.799972415
244,0,Goal,5.345091206,17.41797079,Angus Gunn,0.898409905
245,1,Off T,11.47911146,71.72289039,Jordan Pickford,0.689253363
246,0,Saved,13.85929291,45,Kasper Schmeichel,0.73164048
247,0,Saved,16.32176461,36.02737339,Bernd Leno,0.491748733
248,1,Saved,14.09822684,58.3392489,Tom Heaton,0.763323331
249,0,Saved,10.19803903,11.30993247,Ben Foster,0.219264505
250,1,Off T,17.02938637,49.76364169,Neil Leonard Dula Etheridge,0.79870585
251,0,Saved,8.062257748,60.2551187,Asmir Begović,0.620173673
252,0,Saved,11.18033989,63.43494882,Rui Pedro dos Santos Patrício,0.4
253,0,Saved,13.60147051,53.97262661,Vicente Guaita Panadero,0.941534113
254,0,Saved,15.55634919,45,Łukasz Fabiański,0.774063017
255,0,Saved,14.76482306,61.69924423,Łukasz Fabiański,0.757228166
256,0,Off T,4.242640687,45,Łukasz Fabiański,0.666666667
257,0,Off T,8.544003745,20.55604522,Łukasz Fabiański,0.682461299
258,0,Goal,10.04987562,84.28940686,Łukasz Fabiański,0.80222463
259,0,Saved,13.41640786,63.43494882,Łukasz Fabiański,0.933928382
260,0,Saved,16.15549442,68.19859051,Bernd Leno,0.804679799
261,0,Saved,14.14213562,81.86989765,Bernd Leno,0.860232527
262,1,Goal,11.18033989,63.43494882,Hugo Lloris,0.64498062
263,0,Goal,8.544003745,20.55604522,Jonas Lössl,0.234082294
264,0,Saved,15.62049935,39.80557109,Jonas Lössl,0.590220853
265,1,Wayward,12.08304597,24.44395478,Łukasz Fabiański,0.843995715
266,0,Saved,8.602325267,35.53767779,Łukasz Fabiański,0.779812867
267,0,Saved,10.77032961,68.19859051,Łukasz Fabiański,0.58722022
268,1,Saved,14.4222051,56.30993247,Artur Boruc,0.693375245
269,1,Blocked,20.51828453,46.97493401,Alisson Ramsés Becker,0.829961508
270,0,Saved,19.02629759,3.012787504,Wayne Hennessey,0.788032027
271,0,Post,7,0,Łukasz Fabiański,0.844791968
272,0,Off T,16.73559082,14.53445508,Jordan Pickford,0.526266647
273,0,Saved,12.59245806,67.10013347,Joe Hart,0.758546354
274,0,Post,20.22374842,8.53076561,Jonas Lössl,0.30077325
275,0,Off T,13.25028302,65.94970147,Rui Pedro dos Santos Patrício,0.813433099
276,0,Goal,7.184705979,34.79602628,Ederson Santana de Moraes,0.768671749
277,1,Saved,15.8113883,71.56505118,Ben Foster,0.8
278,0,Goal,14.2126704,39.28940686,Ben Foster,0.847243638
279,0,Saved,18.35755975,60.64224646,Ben Foster,0.439179164
280,0,Off T,14.76482306,61.69924423,Ben Foster,0.546044996
281,0,Saved,14.56021978,15.9453959,Neil Leonard Dula Etheridge,0.553718136
282,0,Saved,14.14213562,45,Jonas Lössl,0.851469318
283,0,Goal,8.544003745,20.55604522,Sergio Rico González,0.585205736
284,0,Off T,14.4222051,56.30993247,Angus Gunn,0.963267676
285,0,Off T,18.86796226,57.99461679,Sergio Rico González,0.782534057
286,0,Saved,7.280109889,15.9453959,Angus Gunn,0.700404196
287,0,Saved,12.20655562,55.0079798,Jordan Pickford,0.66048589
288,0,Wayward,16.1245155,29.7448813,Alisson Ramsés Becker,0.894427191
289,0,Off T,12.00708124,7.657709694,Neil Leonard Dula Etheridge,0.460705359
290,0,Off T,7.280109889,15.9453959,Hugo Lloris,0.868744486
291,0,Saved,7.280109889,15.9453959,Bernd Leno,0.835531692
292,0,Off T,13.92838828,68.96248897,Bernd Leno,0.681114914
293,1,Blocked,20.51828453,43.02506599,Hugo Lloris,0.896019172
294,0,Off T,7.211102551,56.30993247,Martin Dúbravka,0.746787994
295,0,Saved,12.52996409,61.38954033,Tom Heaton,0.287754318
296,0,Saved,9.433981132,32.00538321,Rui Pedro dos Santos Patrício,0.678729812
297,1,Off T,19.84943324,40.91438322,Martin Dúbravka,0.21374115
298,0,Blocked,13.60147051,53.97262661,Martin Dúbravka,0.781543864
299,0,Saved,7.810249676,39.80557109,Asmir Begović,0.286299167
300,0,Off T,19.23538406,62.10272897,Asmir Begović,0.562331056
301,0,Saved,3.605551275,56.30993247,Martin Dúbravka,1
302,0,Saved,14.2126704,50.71059314,Asmir Begović,0.507371405
303,0,Goal,5.656854249,45,Łukasz Fabiański,0.559016994
304,0,Goal,4.242640687,45,Łukasz Fabiański,0.849836586
305,0,Goal,17.4642492,23.62937773,Joe Hart,0.461643536
306,0,Saved,12.04159458,48.36646066,Joe Hart,0.71438423
307,0,Goal,12.20655562,34.9920202,Łukasz Fabiański,0.40961596
308,0,Goal,9.486832981,18.43494882,Joe Hart,0.53748385
309,1,Off T,13.03840481,32.47119229,Jordan Pickford,0.618346942
310,0,Saved,8.94427191,26.56505118,Jordan Pickford,0.559016994
311,0,Off T,13.89244399,30.25643716,Jordan Pickford,0.419721102
312,0,Post,3.605551275,33.69006753,Jordan Pickford,0.620173673
313,0,Goal,4.472135955,26.56505118,Asmir Begović,0.948683298
314,0,Blocked,12.64911064,71.56505118,Asmir Begović,0.825378701
315,0,Blocked,11.80677771,88.05851361,Wilfredo Daniel Caballero,0.635736336
316,0,Goal,5,36.86989765,Hugo Lloris,0.447213595
317,0,Goal,18.43908891,12.52880771,Kasper Schmeichel,0.553066319
318,0,Off T,10.76289924,48.0127875,David de Gea Quintana,0.841351846
319,0,Blocked,11.18033989,63.43494882,David de Gea Quintana,0.64498062
320,0,Goal,5,0,David de Gea Quintana,0.824621125
321,0,Goal,16.2788206,42.51044708,Wayne Hennessey,0.614295117
322,0,Post,7.211102551,33.69006753,Rui Pedro dos Santos Patrício,0.80860754
323,0,Off T,19.84943324,40.91438322,Jordan Pickford,0.21374115
324,0,Goal,10,0,Jordan Pickford,0.8
325,0,Goal,16.1245155,60.2551187,Jordan Pickford,0.361620285
326,0,Off T,9.899494937,45,Jordan Pickford,0.677630927
327,0,Saved,10,36.86989765,Ederson Santana de Moraes,0.670820393
328,0,Off T,13.03840481,57.52880771,Łukasz Fabiański,0.723553323
329,1,Saved,17.08800749,69.44395478,Łukasz Fabiański,0.795965856
330,1,Off T,11.18033989,79.69515353,Martin Dúbravka,0.632455532
331,0,Saved,12.72792206,45,Alex McCarthy,0.724355823
332,0,Saved,9.055385138,6.340191746,Ederson Santana de Moraes,0.441726104
333,0,Goal,14.86606875,70.34617594,Alex McCarthy,0.702291015
334,0,Saved,17.18982257,43.3499606,Joe Hart,0.886022024
335,0,Off T,13.03840481,32.47119229,Kepa Arrizabalaga Revuelta,0.723553323
336,0,Saved,7.810249676,50.19442891,Kepa Arrizabalaga Revuelta,0.6401844
337,0,Off T,6.708203932,26.56505118,Kepa Arrizabalaga Revuelta,0.745355992
338,0,Wayward,15.41492783,45,Marcus Bettinelli,0.872331865
339,0,Goal,9.219544457,49.39870535,Mathew Ryan,0.782153889
340,0,Saved,15.8113883,18.43494882,Łukasz Fabiański,0.963327566
341,0,Off T,13.45362405,41.9872125,Łukasz Fabiański,0.685283343
342,0,Off T,16.1245155,60.2551187,Hugo Lloris,0.757018443
343,1,Saved,16.2788206,42.51044708,Neil Leonard Dula Etheridge,0.614295117
344,0,Goal,4,0,Jordan Pickford,0.707106781
345,0,Saved,7.211102551,56.30993247,Joe Hart,0.5
346,0,Goal,16.03121954,3.576334375,Ben Foster,0.68899069
347,1,Off T,16.15549442,68.19859051,Ben Foster,0.747921769
348,0,Off T,14.76482306,28.30075577,Kasper Schmeichel,0.488397492
349,0,Post,14.76482306,61.69924423,Ben Foster,0.677285461
350,0,Off T,14.86606875,47.72631099,Rui Pedro dos Santos Patrício,0.715060988
351,0,Goal,16.64331698,57.26477373,Kepa Arrizabalaga Revuelta,0.887132239
352,1,Wayward,8.602325267,35.53767779,Ben Hamer,0.626012693
353,0,Wayward,36.05551275,56.30993247,Ben Hamer,0.515901004
354,1,Off T,16.64331698,57.26477373,Bernd Leno,0.834716061
355,0,Post,4.123105626,14.03624347,Tom Heaton,0.685994341
356,0,Goal,10,53.13010235,Alisson Ramsés Becker,0.781024968
357,0,Saved,14.4222051,56.30993247,Wayne Hennessey,0.5
358,0,Off T,6.046486583,34.21570213,Bernd Leno,0.972825522
359,0,Goal,10.33247308,75.4257838,Vicente Guaita Panadero,0.622197727
360,0,Goal,15.4029218,35.75388725,Bernd Leno,0.461088646
361,0,Saved,14.67685252,61.51416391,Bernd Leno,0.792823294
362,0,Saved,10.29563014,29.0546041,Jordan Pickford,0.217186121
363,0,Blocked,16.76305461,72.64597536,Martin Dúbravka,0.737891581
364,0,Blocked,12.72792206,45,Rui Pedro dos Santos Patrício,0.613631168
365,0,Off T,11.66190379,30.96375653,David de Gea Quintana,0.844532589
366,0,Post,3.605551275,33.69006753,Bernd Leno,0.832050294
367,0,Saved,9.055385138,6.340191746,Bernd Leno,0.220863052
368,0,Goal,14,0,Joe Hart,0.434483038
369,0,Saved,9.219544457,40.60129465,Joe Hart,0.694516336
370,0,Off T,21.21320344,45,Joe Hart,0.935711257
371,0,Blocked,17.88854382,63.43494882,Kepa Arrizabalaga Revuelta,0.875
372,0,Saved,21.21320344,8.130102354,Wayne Hennessey,0.388730126
373,1,Saved,13.03840481,32.47119229,Jordan Pickford,0.789638786
374,0,Off T,8.544003745,20.55604522,Tom Heaton,0.891358821
375,0,Goal,9.055385138,6.340191746,Alisson Ramsés Becker,0.780868809
376,0,Goal,4.060788101,37.99873244,Kasper Schmeichel,0.734657092
377,0,Goal,4.123105626,14.03624347,Martin Dúbravka,0.727606875
378,0,Goal,7.280109889,15.9453959,David de Gea Quintana,0.700404196
379,0,Blocked,9.848857802,66.03751103,David de Gea Quintana,0.32108065
380,0,Saved,10.63014581,41.18592517,Hugo Lloris,0.678363465
381,0,Off T,14,0,Jordan Pickford,0.642857143
382,0,Saved,7.280109889,74.0546041,Jonas Lössl,0.566352114
383,0,Saved,12.16552506,9.462322208,Jonas Lössl,0.259937622
384,0,Goal,9.219544457,12.52880771,Kasper Schmeichel,0.48507125
385,0,Saved,6.708203932,63.43494882,Ederson Santana de Moraes,0.53748385
386,0,Off T,14.86606875,70.34617594,Artur Boruc,0.85087126
387,0,Goal,15.8113883,55.30484647,Artur Boruc,0.772010363
388,0,Saved,9.899494937,45,Rui Pedro dos Santos Patrício,0.225876976
389,0,Off T,8.544003745,69.44395478,Ben Foster,0.74023321
390,0,Goal,11.40175425,15.2551187,Ben Foster,0.39223227
391,0,Off T,6.403124237,38.65980825,Alisson Ramsés Becker,0.662589156
392,0,Saved,18.38477631,67.61986495,Alisson Ramsés Becker,0.803100501
393,0,Saved,9.219544457,12.52880771,Alisson Ramsés Becker,0.542326145
394,0,Wayward,13.92838828,68.96248897,Artur Boruc,0.749570324
395,0,Saved,19.41648784,34.50852299,Bernd Leno,0.557086015
396,1,Off T,7.615773106,66.80140949,Artur Boruc,0.707106781
397,0,Saved,14.86606875,47.72631099,Artur Boruc,0.715060988
398,0,Off T,11.18033989,63.43494882,Jordan Pickford,0.681175455
399,0,Off T,12.04159458,48.36646066,Łukasz Fabiański,0.765641493
400,0,Saved,7.211102551,56.30993247,Ederson Santana de Moraes,0.80860754
401,0,Blocked,13.03840481,57.52880771,Mathew Ryan,0.894427191
402,1,Off T,16.1245155,60.2551187,Joe Hart,0.7493587
403,0,Off T,10.81665383,33.69006753,Joe Hart,0.795285252
404,0,Off T,13.41640786,63.43494882,Joe Hart,0.802772972
405,0,Saved,20,53.13010235,Joe Hart,0.781024968
406,0,Off T,14.56021978,15.9453959,Joe Hart,0.633200913
407,0,Off T,6.08276253,80.53767779,Joe Hart,1.325427009
408,0,Wayward,16.97056275,45,Alex McCarthy,0.754615428
409,1,Goal,4.472135955,26.56505118,Alex McCarthy,0.670820393
410,0,Goal,12.04159458,41.63353934,Hugo Lloris,0.531750525
411,1,Off T,17.20465053,35.53767779,Neil Leonard Dula Etheridge,0.953301518
412,0,Saved,13.60147051,53.97262661,Neil Leonard Dula Etheridge,0.897443817
413,0,Goal,13.41640786,26.56505118,Jonas Lössl,0.333333333
414,0,Saved,13.41640786,63.43494882,Joe Hart,0.833333333
415,0,Saved,19.20937271,38.65980825,Bernd Leno,0.419704374
416,0,Goal,10.77032961,21.80140949,Alex McCarthy,0.382820747
417,0,Off T,13.03840481,85.60129465,Kasper Schmeichel,0.847140519
418,0,Saved,17.69180601,42.70938996,Kasper Schmeichel,0.95923292
419,0,Off T,8.602325267,35.53767779,Kasper Schmeichel,0.707106781
420,0,Saved,18.35755975,60.64224646,Neil Leonard Dula Etheridge,0.85264469
421,0,Saved,15.55634919,45,Neil Leonard Dula Etheridge,0.181818182
422,1,Saved,10,36.86989765,Alex McCarthy,0.424264069
423,0,Off T,7.810249676,50.19442891,Alex McCarthy,0.6401844
424,0,Off T,9.219544457,49.39870535,Mathew Ryan,0.694516336
425,1,Off T,19.41648784,34.50852299,Ben Foster,0.600618602
426,0,Off T,10.29563014,29.0546041,Kepa Arrizabalaga Revuelta,0.783075697
427,0,Blocked,18.78829423,64.79887635,Hugo Lloris,0.714083338
428,0,Goal,11.18033989,26.56505118,Hugo Lloris,0.521536192
429,0,Saved,17.88854382,63.43494882,Vicente Guaita Panadero,0.80039053
430,0,Saved,15.65247584,63.43494882,Łukasz Fabiański,0.714285714
431,0,Saved,10.81665383,33.69006753,Łukasz Fabiański,0.666666667
432,0,Off T,8.602325267,35.53767779,David de Gea Quintana,0.581238194
433,0,Blocked,11.66190379,59.03624347,Jonas Lössl,0.766964989
434,0,Goal,6.32455532,18.43494882,David de Gea Quintana,0.651920241
435,0,Off T,11.70469991,70.01689348,Łukasz Fabiański,0.81051484
436,0,Saved,8.062257748,7.125016349,Łukasz Fabiański,0.754473836
437,0,Saved,7.280109889,15.9453959,Łukasz Fabiański,0.274721128
438,0,Goal,15.26433752,31.60750225,Alex McCarthy,0.621503093
439,0,Saved,15.8113883,71.56505118,Alex McCarthy,0.681175455
440,0,Saved,17.80449381,51.84277341,Neil Leonard Dula Etheridge,0.158860294
441,1,Saved,7.280109889,15.9453959,Alex McCarthy,0.700404196
442,1,Saved,13.60147051,53.97262661,Alex McCarthy,0.693600087
443,0,Blocked,14.2126704,39.28940686,Jordan Pickford,0.847243638
444,0,Goal,3.16227766,18.43494882,Jordan Pickford,1
445,1,Goal,8.062257748,82.87498365,Łukasz Fabiański,0.754473836
446,0,Goal,9.486832981,18.43494882,Łukasz Fabiański,0.53748385
447,1,Off T,8.602325267,54.46232221,Sergio Rico González,0.657595949
448,0,Off T,19.79898987,45,Bernd Leno,0.679510628
449,0,Saved,12.08304597,65.55604522,Sergio Rico González,0.555174908
450,1,Saved,15,36.86989765,Sergio Rico González,0.596284794
451,0,Saved,12.80624847,38.65980825,Sergio Rico González,0.331294578
452,0,Wayward,20.51828453,43.02506599,Ben Foster,0.724527858
453,0,Saved,10,36.86989765,Ben Foster,0.223606798
454,0,Saved,12.80624847,51.34019175,Tom Heaton,0.390434405
455,0,Saved,8.246211251,14.03624347,Ben Foster,0.121267813
456,0,Wayward,11.66190379,59.03624347,David de Gea Quintana,0.383482494
457,0,Goal,20,53.13010235,Hugo Lloris,0.820060973
458,0,Saved,14.4222051,56.30993247,David de Gea Quintana,0.80860754
459,0,Saved,10.63014581,48.81407483,David de Gea Quintana,0.532152084
460,0,Saved,8.544003745,69.44395478,David de Gea Quintana,0.74023321
461,0,Post,14.31782106,12.09475708,Ederson Santana de Moraes,0.209529089
462,0,Saved,17.69180601,47.29061004,Ederson Santana de Moraes,0.600851366
463,0,Goal,9.433981132,32.00538321,Julián Speroni,0.474045463
464,1,Saved,12.20655562,55.0079798,Łukasz Fabiański,0.695141336
465,0,Blocked,15.65247584,63.43494882,Bernd Leno,0.830539534
466,0,Saved,11.70469991,70.01689348,Bernd Leno,0.81051484
467,0,Off T,10.77032961,68.19859051,Jordan Pickford,0.669534063
468,1,Post,13.45362405,41.9872125,Jordan Pickford,0.685283343
469,0,Saved,15.03329638,3.814074834,Jordan Pickford,0.864747137
470,0,Off T,3.605551275,56.30993247,Ben Foster,0.554700196
471,0,Off T,18.38477631,45,Hugo Lloris,0.81589244
472,0,Off T,11.18033989,79.69515353,Hugo Lloris,0.632455532
473,1,Saved,11.82708755,71.25865955,Asmir Begović,0.763075891
474,0,Goal,11.18033989,63.43494882,Jonas Lössl,0.64498062
475,1,Off T,9.899494937,45,Jonas Lössl,0.788954358
476,0,Saved,12.04159458,4.763641691,Tom Heaton,0.332181919
477,0,Goal,5,36.86989765,Sergio Rico González,0.4
478,1,Off T,16.40121947,52.43140797,Vicente Guaita Panadero,0.866561809
479,0,Off T,11.40175425,52.12501635,Ben Foster,0.902986498
480,0,Off T,14.86606875,47.72631099,Ben Foster,0.727606875
481,1,Saved,14.2126704,39.28940686,Łukasz Fabiański,0.605257494
482,0,Goal,4.242640687,45,Hugo Lloris,0.666666667
483,0,Goal,9.433981132,57.99461679,Kasper Schmeichel,0.711068195
484,0,Goal,17.02938637,40.23635831,Kasper Schmeichel,0.707106781
485,0,Off T,8.062257748,60.2551187,David de Gea Quintana,0.894427191
486,0,Goal,14.86606875,70.34617594,Sergio Rico González,0.724490771
487,0,Saved,11.40175425,15.2551187,Sergio Rico González,0.667947488
488,0,Off T,4.123105626,14.03624347,Kasper Schmeichel,0.727606875
489,0,Saved,8.602325267,35.53767779,Kasper Schmeichel,0.419136822
490,0,Goal,10.29563014,60.9453959,Mathew Ryan,0.412081692
491,0,Off T,8.246211251,75.96375653,Angus Gunn,0.5
492,0,Saved,11.3137085,45,Łukasz Fabiański,0.75
493,0,Saved,11.78855377,10.26137472,Angus Gunn,0.620637614
494,0,Post,9.433981132,57.99461679,Rui Pedro dos Santos Patrício,0.149906338
495,1,Off T,16.85823241,41.63353934,Hugo Lloris,0.837416691
496,0,Saved,8.246211251,75.96375653,Sergio Rico González,0.653047156
497,0,Saved,14.31782106,24.77514057,Sergio Rico González,0.563092506
498,0,Off T,13.51184665,61.72796392,Bernd Leno,0.771187907
499,0,Saved,5.099019514,11.30993247,Sergio Rico González,0.39223227
500,1,Post,14.86606875,42.27368901,Sergio Rico González,0.665912092
501,1,Off T,19.41648784,11.88865804,Bernd Leno,0.687130658
502,1,Goal,17.20465053,54.46232221,Neil Leonard Dula Etheridge,0.781976014
503,0,Goal,14.56021978,15.9453959,Mathew Ryan,0.350202098
504,1,Goal,21.9544984,59.93141718,Tom Heaton,0.619530005
505,1,Goal,14.86606875,19.65382406,Martin Dúbravka,0.42543563
506,1,Off T,20.1246118,26.56505118,Kepa Arrizabalaga Revuelta,0.518783001
507,0,Blocked,12.80624847,38.65980825,Kasper Schmeichel,0.883452209
508,0,Goal,13.34166406,77.00538321,Kasper Schmeichel,0.382187671
509,0,Saved,13.97139936,66.37062227,Ben Foster,0.793835109
510,0,Off T,13.35440002,39.53090503,Kepa Arrizabalaga Revuelta,0.733878735
511,0,Off T,6.053924347,67.67134362,Asmir Begović,0.689820745
512,0,Off T,9.167878708,13.88466769,Kepa Arrizabalaga Revuelta,0.872611894
513,0,Saved,19.41236719,27.62107498,Kasper Schmeichel,0.562158977
514,0,Saved,7.810249676,39.80557109,Sergio Rico González,0.80977633
515,0,Saved,12.08304597,24.44395478,Alex McCarthy,0.925291513
516,0,Goal,6.403124237,38.65980825,Alex McCarthy,1.104315261
517,0,Goal,17.02938637,40.23635831,Sergio Rico González,0.598849472
518,0,Saved,13,67.38013505,Sergio Rico González,0.516015687
519,0,Off T,17.72004515,16.38954033,Alisson Ramsés Becker,0.630943081
520,0,Off T,18.86796226,57.99461679,Alisson Ramsés Becker,0.736298059
521,0,Goal,18.38477631,45,Sergio Rico González,0.348284044
522,0,Goal,8.602325267,35.53767779,Sergio Rico González,0.838273644
523,0,Saved,9.219544457,40.60129465,David de Gea Quintana,0.847140519
524,0,Saved,3.605551275,33.69006753,David de Gea Quintana,0.877058019
525,0,Goal,5.830951895,30.96375653,David de Gea Quintana,0.857492926
526,0,Post,6.555150647,21.47679098,Fabricio Martín Agosto Ramírez,0.647222454
527,0,Saved,15,36.86989765,Kasper Schmeichel,0.666666667
528,0,Saved,12.73930924,4.502189492,Łukasz Fabiański,0.771831396
529,0,Off T,14.5,53.13010235,Asmir Begović,0.742172791
530,0,Saved,5.656854249,45,Alisson Ramsés Becker,0.353553391
531,0,Saved,7,0,Bernd Leno,0.428571429
532,0,Off T,13.89244399,59.74356284,Alisson Ramsés Becker,0.741095674
533,0,Goal,6.32455532,18.43494882,Rui Pedro dos Santos Patrício,0.790569415
534,0,Goal,9.848857802,23.96248897,Jordan Pickford,0.818598249
535,1,Wayward,19.10497317,42.8789036,Jordan Pickford,0.827605889
536,1,Saved,21.09502311,58.57043439,Mathew Ryan,0.920429797
537,0,Goal,11.3137085,45,Mathew Ryan,1
538,0,Saved,14.31782106,12.09475708,Mathew Ryan,0.849677127
539,0,Off T,21.9544984,30.06858282,Bernd Leno,0.490575071
540,0,Goal,13.45362405,41.9872125,Bernd Leno,0.316227766
541,0,Goal,9.848857802,23.96248897,Jordan Pickford,0.617610961
542,0,Saved,16.15549442,68.19859051,Jordan Pickford,0.724502736
543,0,Saved,8.062257748,7.125016349,Jordan Pickford,0.372104204
544,0,Saved,21.84032967,74.0546041,Łukasz Fabiański,0.94392019
545,0,Saved,12.04159458,48.36646066,Bernd Leno,0.88278556