,player_name,shot_outcome_name,gk_name,0,1,2,3,4,5,6,7,8,9,10,11,12,13,14,15,16,17,18,19,20,21,22,23,24,25,26,27,28,29,30,31,32,33,34,35,36,37,38,39,40,41,42,43,44,45,46,47
0,Bobby Reid,Goal,Artur Boruc,0.296875,0.3125,0.344790488,0.078125,0.15625,0.21726042,-0.015625,-0.03125,0.03747398,-0.046875,0,-0.039362188,-0.265625,0.171875,0.130576745,0.296875,0.34375,0.230130419,0,0,0,-0.296875,-0.125,-0.055487849,-0.328125,-0.15625,-0.122166924,-0.265625,0.1875,-0.173791766,-0.140625,0.03125,0.077054031,-0.140625,-0.09375,0.082234845,-0.265625,-0.15625,-0.081558168,-0.296875,-0.09375,-0.181643352,-0.234375,0.0625,-0.127241716,-0.125,0.375,-0.030552801
1,Eden Hazard,Goal,Karl Darlow,-0.171875,0.359375,0.165713862,-0.15625,0.25,0.315193117,0.0625,0.03125,0.034650896,-0.0625,0,-0.023299575,-0.203125,0.203125,0.308882117,-0.390625,0.421875,0.030412976,0,0,0,-0.03125,-0.234375,0.006084388,-0.015625,-0.234375,-0.011155256,-0.0625,-0.375,0.015735151,0.1875,0.171875,0.091503039,0.203125,-0.046875,0.084094793,0.125,-0.203125,0.029967621,-0.171875,-0.234375,0.037786648,0.203125,-0.03125,-0.06582287,0.1875,0.234375,-0.155435011
2,Mohamed Salah,Saved,Jonas Lössl,,,,,,,,,,,,,,,,,,,,,,,,,,,,,,,,,,,,,,,,,,,,,,,,
3,Joshua King,Goal,Jordan Pickford,-0.359375,0.40625,-0.03276528,-0.15625,0.171875,0.101421013,-0.078125,-0.015625,-0.020458147,0.078125,0,0.02474257,0.171875,0.140625,-0.161852658,0.015625,0.34375,-0.057223015,0,0,0,0.0625,-0.21875,-0.06150344,0.0625,-0.21875,-0.152805626,0.09375,-0.40625,-0.104037113,-0.21875,0.0625,-0.202315256,-0.21875,-0.09375,-0.131118551,-0.046875,-0.234375,-0.129460707,0.171875,-0.203125,-0.091516241,0.203125,-0.03125,0.010528105,0.234375,0.046875,-0.102935292
4,Wayne Mark Rooney,Goal,Mathew Ryan,-0.171875,0.28125,-0.017270032,-0.171875,0.0625,0.132535055,-0.0625,-0.015625,0.013412368,0.046875,0.015625,-0.003637729,-0.109375,0.109375,-0.063323513,-0.15625,0.296875,-0.085598141,0,0,0,-0.03125,-0.109375,-0.065853521,-0.03125,-0.109375,-0.16451104,-0.265625,-0.34375,-0.186808214,-0.3125,0.03125,-0.03893552,-0.25,-0.109375,0.017974753,-0.171875,-0.265625,-0.123473451,0.078125,-0.0625,-0.169144407,0.09375,0.0625,-0.114869609,0.09375,0.1875,-0.189607322
5,Mohamed Salah,Goal,David Button,-0.0625,0.25,0.128764451,-0.046875,0.21875,0.140710562,0.046875,0,0.006760472,-0.046875,-0.015625,-0.030060817,-0.234375,0.09375,0.232144102,-0.109375,0.21875,-0.039204784,0,0,0,-0.125,-0.28125,-0.015053568,-0.140625,-0.296875,-0.037601739,-0.234375,-0.421875,-0.040562712,0.1875,-0.109375,0.029936111,0.03125,-0.1875,0.074697964,-0.171875,-0.265625,-0.015457854,-0.078125,-0.296875,-0.040909365,0.046875,-0.1875,0.004840086,0.171875,-0.09375,0.005835824
6,Glenn Murray,Saved,Kasper Schmeichel,-0.484375,0.34375,-0.04046005,-0.296875,0.21875,0.226594672,-0.109375,0,-0.006820083,0.078125,0.03125,0.012153361,0.1875,0.171875,0.083235651,-0.0625,0.40625,-0.040025167,0,0,0,0.078125,-0.21875,-0.001575704,0.078125,-0.25,-0.060776755,0.109375,-0.40625,-0.037233748,-0.234375,0.0625,-0.026444662,-0.203125,-0.09375,-0.021233542,-0.046875,-0.21875,-0.030425116,0.203125,-0.21875,-0.03184402,0.265625,-0.046875,0.022101369,0.125,-0.0625,0.010645458
7,Paul Pogba,Goal,Sergio Rico González,-0.453125,0.328125,0.008436011,-0.125,0.078125,0.190892041,0,0,0.027143659,-0.046875,0.015625,-0.034315716,-0.21875,0.203125,0.162942722,-0.4375,0.328125,-0.018220196,0,0,0,0.0625,-0.265625,-0.01413778,0.140625,-0.296875,-0.010676671,0.234375,-0.4375,-0.030621309,0.09375,0.3125,-0.114945173,0.296875,0.046875,-0.041057996,0.15625,-0.234375,-0.03891195,-0.0625,-0.25,-0.076771542,-0.125,-0.203125,-0.107235372,-0.140625,-0.21875,-0.047081966
8,Charlie Austin,Saved,Wayne Hennessey,,,,,,,,,,,,,,,,,,,,,,,,,,,,,,,,,,,,,,,,,,,,,,,,
9,Mark Noble,Goal,Martin Dúbravka,0.46875,0.390625,-0.018044833,-0.203125,0.140625,0.312241346,-0.09375,0.015625,0.006437529,0.09375,-0.015625,-0.007067833,0.28125,0.203125,0.201758996,0.4375,0.375,-0.007009955,0,0,0,-0.109375,-0.234375,-0.037876572,-0.109375,-0.21875,-0.106513582,-0.15625,-0.375,-0.037212227,-0.328125,0.21875,-0.061523687,-0.21875,-0.046875,-0.032408893,-0.25,-0.1875,-0.094121747,0.015625,-0.265625,-0.042796187,0.140625,-0.203125,-0.085864946,0.078125,-0.15625,-0.149374127
10,Matt Ritchie,Goal,Ederson Santana de Moraes,0.15625,0.171875,0.123978019,0.078125,0.125,0.297400236,0.078125,-0.03125,-0.039464764,-0.015625,0,0.027585899,0.03125,0.140625,0.259854883,0.15625,0.21875,0.04390483,0,0,0,-0.03125,-0.390625,0.001204309,-0.046875,-0.4375,-0.003567822,-0.09375,-0.59375,-0.029571507,0.265625,-0.171875,0.105906934,0.234375,-0.296875,0.028460229,0.078125,-0.390625,0.006135206,-0.125,-0.390625,-0.0203043,-0.234375,-0.21875,0.012704315,-0.203125,-0.265625,0.065712638
11,Alexandre Lacazette,Goal,Ben Foster,-0.328125,0.203125,0.040991761,-0.203125,0.03125,0.258297712,-0.046875,-0.0625,0.048132867,0.046875,0.0625,-0.052368753,-0.078125,0.046875,0.042624909,-0.234375,0.1875,0.11462374,0,0,0,-0.078125,-0.28125,0.004950803,-0.09375,-0.328125,0.009408623,-0.1875,-0.5,-0.12974593,-0.21875,-0.03125,0.107171036,-0.15625,-0.125,0.068235025,-0.0625,-0.3125,0.032220833,-0.171875,-0.28125,-0.018149778,-0.21875,-0.15625,-0.050927494,-0.296875,0.03125,-0.072792552
12,Jamie Vardy,Goal,Ben Foster,,,,,,,,,,,,,,,,,,,,,,,,,,,,,,,,,,,,,,,,,,,,,,,,
13,Junior Stanislas,Goal,Wayne Hennessey,-0.34375,0.375,-0.05500409,-0.140625,0.21875,0.212008864,-0.0625,-0.015625,-0.026972352,0.0625,0.015625,0.015425724,0.09375,0.171875,0.367979228,0.1875,0.28125,0.071359232,0,0,0,0.109375,-0.25,-0.048568189,0.125,-0.265625,-0.112460718,0.1875,-0.40625,0.001788751,-0.15625,-0.015625,-0.034508921,-0.0625,-0.140625,-0.027080271,0.046875,-0.265625,-0.067645356,0.203125,-0.234375,-0.074421436,0.109375,-0.109375,0.054954797,0.109375,-0.015625,0.026388248
14,James Philip Milner,Goal,Sergio Rico González,0.046875,0.21875,-0.015833015,-0.171875,0.0625,-0.032565482,-0.0625,0,-0.024724869,0.0625,-0.03125,0.016028643,0.265625,0.0625,0.1020988,0.4375,0.234375,-0.027781954,0,0,0,-0.15625,-0.296875,-0.013885283,-0.171875,-0.28125,-0.072566345,-0.203125,-0.46875,-0.069557071,-0.203125,-0.109375,0.017288066,-0.296875,-0.234375,0.000481393,-0.25,-0.265625,-0.041672818,-0.046875,-0.328125,-0.022053584,0.046875,-0.21875,-0.066979401,0.140625,-0.203125,-0.031206671
15,Aaron Mooy,Goal,Kasper Schmeichel,-0.09375,0.296875,-0.043513853,-0.21875,0.125,0.205611527,-0.046875,0.015625,0.026650392,0.015625,-0.015625,-0.045285422,-0.21875,0.140625,0.17833145,0.359375,0.328125,0.002281378,0,0,0,-0.171875,-0.203125,-0.023056835,-0.1875,-0.203125,-0.057994206,-0.28125,-0.34375,-0.070637926,-0.328125,-0.046875,0.045249913,-0.25,-0.078125,0.094599925,-0.15625,-0.234375,9.01E-05,-0.203125,-0.171875,-0.11292129,-0.25,-0.0625,-0.058764234,-0.265625,-0.046875,-0.020221185
16,Jamie Vardy,Goal,Ben Hamer,0.125,0.390625,-0.001724059,0.21875,0.203125,0.197091654,0.0625,-0.015625,-0.046652619,-0.046875,0,0.01994768,-0.1875,0.203125,0.131950915,-0.4375,0.40625,-0.000493896,0,0,0,0.21875,-0.15625,-0.021624127,0.25,-0.171875,-0.021868588,0.40625,-0.265625,-0.012521373,0.140625,0.046875,-0.009048712,0.125,0,-0.097189665,0.234375,-0.15625,-0.045956444,0.171875,-0.203125,-0.034682624,0.109375,-0.1875,0.077972807,-0.203125,0.140625,0.060625743
17,Pascal Groß,Saved,Marcus Bettinelli,0.296875,0.515625,0.118275709,0.0625,-0.15625,0.139023587,0.015625,0,-0.017109711,0,0,0.011761107,-0.21875,0.203125,0.169724494,-0.109375,0.40625,-0.070923962,0,0,0,-0.078125,-0.015625,-0.038984776,-0.078125,-0.015625,-0.082506716,-0.21875,-0.1875,-0.245154589,0.265625,0.515625,-0.0629173,0.078125,0.046875,0.037944887,-0.046875,-0.015625,-0.094558448,-0.09375,-0.015625,-0.083591335,-0.171875,0.0625,-0.155044049,-0.3125,0.09375,-0.049566302
18,Glenn Murray,Goal,Marcus Bettinelli,0.171875,0.328125,-0.012919715,0.234375,0.109375,0.269558161,0.046875,0,0.012639886,-0.046875,-0.015625,-0.016661176,-0.140625,0.21875,0.123596229,-0.328125,0.4375,0.002905484,0,0,0,0.09375,-0.171875,-0.010774875,0.09375,-0.171875,-0.011169437,0.1875,-0.296875,-0.039397623,0.03125,-0.046875,0.095050268,0.109375,-0.09375,0.015762592,0.1875,-0.203125,-0.039356012,0.03125,-0.1875,-0.009601386,-0.046875,-0.140625,-0.00158208,-0.140625,-0.0625,-0.040915545
19,Eden Hazard,Goal,Martin Dúbravka,-0.078125,0.21875,0.055988222,0.046875,0.046875,0.119171903,-0.0625,-0.046875,-0.010317334,0.140625,-0.015625,0.032456998,0.28125,0.109375,0.256423175,0.40625,0.265625,0.041494653,0,0,0,0.125,-0.3125,0.029516175,-0.078125,-0.40625,-0.123933189,-0.0625,-0.625,-0.101681657,-0.265625,-0.125,-0.062567838,-0.21875,-0.21875,-0.028311878,0.109375,-0.375,-0.058893874,0.171875,-0.3125,-0.008830066,0.125,-0.1875,0.021537274,-0.015625,-0.1875,0.042681329
20,Aaron Mooy,Goal,Heurelho da Silva Gomes,0,0.34375,-0.056131836,-0.1875,0.171875,0.025785988,-0.0625,0.015625,-0.003883273,0.0625,0,0.005319338,0.234375,0.234375,0.116498299,0.421875,0.453125,0.033115689,0,0,0,-0.046875,-0.21875,-0.031749569,-0.046875,-0.203125,-0.089436576,-0.046875,-0.390625,-0.078683779,-0.28125,0.0625,-0.049738914,-0.265625,-0.125,0.017200857,-0.1875,-0.234375,-0.074702114,0.09375,-0.21875,-0.075778104,0.1875,-0.09375,-0.019119004,0.203125,0.078125,-0.009131827
21,Joshua King,Goal,Ben Foster,0.140625,0.375,-0.186404228,-0.03125,0.109375,-0.264860094,-0.09375,-0.015625,-0.016022351,0.078125,0.015625,0.014969617,0.328125,0.203125,0.186931804,0.34375,0.375,0.057057939,0,0,0,0.046875,-0.28125,-0.025562648,0.046875,-0.3125,-0.061025809,0.0625,-0.484375,-0.049407903,-0.1875,-0.140625,-0.141551077,-0.234375,-0.140625,-0.08945635,-0.078125,-0.28125,-0.047189388,0.171875,-0.265625,-0.014659434,0.21875,-0.21875,-0.01269607,0.171875,-0.015625,0.053011592
22,Harry Kane,Saved,Loris Karius,-0.21875,0.34375,0.021851821,-0.15625,0.1875,0.125650048,-0.0625,0,0.00441166,0.0625,0,-0.00274269,0.1875,0.203125,0.14452149,0.265625,0.40625,-0.020195799,0,0,0,-0.015625,-0.28125,-0.030937543,-0.015625,-0.28125,-0.072734639,-0.015625,-0.4375,-0.053038865,-0.171875,-0.09375,-0.034801129,-0.1875,-0.21875,-0.018200474,-0.109375,-0.265625,-0.038556963,0.078125,-0.28125,-0.042580757,0.1875,-0.25,-0.001260722,0.203125,-0.125,-0.054803506
23,Harry Kane,Goal,Loris Karius,0.453125,0.375,0.042565893,0.265625,0.171875,0.189052254,0.078125,0,-0.010920851,-0.0625,0.015625,0.00497021,0.265625,0.171875,0.185472339,0.4375,0.359375,0.0953153,0,0,0,0.03125,-0.28125,-0.012195466,0.03125,-0.296875,-0.037245803,0.0625,-0.375,-0.058883503,0.203125,-0.28125,-0.028199309,0.25,-0.265625,-0.006335789,-0.046875,-0.34375,-0.044414867,0.125,-0.34375,-0.07016097,0.234375,-0.28125,0.021068154,0.15625,-0.25,-0.242933989
24,Gabriel Fernando de Jesus,Goal,Rui Pedro dos Santos Patrício,,,,,,,,,,,,,,,,,,,,,,,,,,,,,,,,,,,,,,,,,,,,,,,,
25,Jamie Vardy,Goal,Thibaut Courtois,0.28125,0.40625,-0.020068152,0.109375,0.234375,0.195415616,-0.015625,-0.015625,0.005741424,-0.015625,0.03125,-0.0250482,0.078125,0.234375,0.167227164,-0.046875,0.390625,-0.103175648,0,0,0,-0.296875,-0.1875,-0.018028662,-0.25,-0.203125,-0.030212371,-0.328125,-0.328125,-0.028437205,0.125,-0.109375,0.120101802,-0.046875,-0.203125,0.088794231,-0.375,-0.1875,-0.008782055,-0.21875,-0.234375,-0.012352621,0.015625,-0.203125,-0.019326434,0.03125,-0.09375,0.039794445
26,Paul Pogba,Saved,Joe Hart,0.4375,0.53125,-0.018194981,0.25,0.421875,0.082459129,0.0625,0,-0.019673778,-0.046875,0.03125,0.020088587,0.25,0.390625,0.084058672,0.453125,0.53125,-0.050144784,0,0,0,-0.09375,0.140625,-0.031701095,-0.09375,0.140625,-0.08961495,-0.0625,0.3125,-0.150926247,-0.15625,-0.03125,-0.010829819,-0.203125,0.09375,0.006507855,0.125,0.328125,-0.134010658,-0.15625,0.0625,-0.01038751,-0.15625,0.0625,0.007270664,-0.234375,0.234375,0.058468312
27,Gylfi Þór Sigurðsson,Saved,Kepa Arrizabalaga Revuelta,-0.140625,0.40625,-0.078857146,0.140625,0.21875,0.212487236,0.0625,-0.015625,0.011777379,-0.046875,0.015625,-0.024606014,-0.171875,0.15625,0.223262951,0.390625,0.390625,-0.01358586,0,0,0,-0.078125,-0.171875,-0.046827428,-0.078125,-0.234375,-0.081790701,-0.09375,-0.359375,-0.10537231,0.21875,-0.328125,0.080669805,-0.15625,-0.078125,-0.016198751,-0.078125,-0.234375,-0.083986431,-0.140625,-0.234375,-0.085527807,-0.203125,-0.078125,0.038935371,-0.25,-0.171875,0.055760257
28,Paul Pogba,Goal,David Button,-0.453125,0.359375,-0.066768527,-0.265625,0.125,0.069968276,-0.078125,-0.015625,-0.001688904,0.078125,0.015625,0.014945771,0.203125,0.078125,0.026930949,0.015625,0.34375,-0.168697506,0,0,0,-0.015625,-0.28125,-0.029100528,-0.015625,-0.28125,-0.070815027,-0.046875,-0.46875,-0.043096807,-0.375,-0.015625,-0.042463001,-0.265625,-0.125,0.009699967,-0.15625,-0.265625,-0.056494057,0.125,-0.28125,-0.054703735,0.1875,-0.109375,0.070976019,0.234375,0.046875,-0.026892887
29,James Philip Milner,Goal,Wayne Hennessey,0.015625,0.359375,-0.069643632,-0.15625,0.171875,0.143058762,-0.0625,0.015625,-0.002079159,0.078125,0,0.004443245,0.25,0.21875,0.124574743,0.453125,0.421875,0.086944632,0,0,0,0,-0.234375,-0.030030882,0,-0.265625,-0.10807132,0.015625,-0.453125,-0.087128483,0.03125,0.34375,-0.209126562,-0.125,-0.03125,-0.05293582,-0.125,-0.234375,-0.052916586,0.140625,-0.234375,-0.079808138,0.234375,-0.125,-0.009909441,0.328125,-0.015625,-0.029274521
30,Jamie Vardy,Goal,Petr Čech,0.3125,0.40625,0.045252319,0.234375,0.1875,0.228030041,0.078125,0,-0.021402368,-0.0625,0,-0.007401719,0.25,0.1875,0.295722991,-0.28125,0.328125,0.114743508,0,0,0,0.015625,-0.25,0.012028501,0.03125,-0.296875,0.013750459,0.078125,-0.4375,-0.031114455,0.078125,-0.015625,0.114991076,0.15625,-0.078125,0.070391364,0.140625,-0.234375,0.008547987,-0.09375,-0.265625,-0.017194364,-0.203125,-0.203125,0.047082946,-0.046875,-0.109375,0.143033057
31,Luka Milivojević,Goal,Loris Karius,-0.265625,0.34375,0.026242267,-0.234375,0.203125,0.203975409,-0.078125,0,0.017013833,0.0625,0.03125,-0.006651153,-0.09375,0.1875,0.163840845,-0.25,0.375,-0.054622933,0,0,0,-0.140625,-0.28125,-0.03161104,-0.140625,-0.265625,-0.080807514,-0.234375,-0.390625,-0.06566257,-0.328125,0.015625,0.207100525,-0.265625,-0.125,0.071650729,-0.171875,-0.234375,0.008694006,-0.15625,-0.359375,-0.14060913,-0.15625,-0.40625,-0.121952817,0.078125,0.140625,-0.112581879
32,Wayne Mark Rooney,Saved,Mathew Ryan,0.25,0.359375,-0.056236517,0.140625,0.15625,-0.019015159,-0.046875,0.015625,-0.049661759,0.0625,-0.015625,0.037714045,0.171875,0.078125,0.108554713,0.296875,0.328125,0.039739419,0,0,0,0.140625,-0.125,-0.021912362,0.125,-0.125,-0.063947082,0.21875,-0.28125,-0.088498421,-0.09375,0.21875,-0.13274841,-0.09375,0.015625,-0.116560318,0.078125,-0.125,-0.092271857,0.203125,-0.125,-0.019494068,0.25,0,0.044550732,0.3125,0.125,-0.043271836
33,Mohamed Salah,Goal,Bernd Leno,-0.171875,0.21875,0.022867117,-0.171875,0.0625,0.138224334,-0.0625,-0.015625,0.005063388,0.0625,0,0.001173813,0.09375,0.109375,0.154127017,-0.0625,0.28125,-0.117428996,0,0,0,0,-0.265625,-0.033888262,0,-0.265625,-0.099676311,-0.0625,-0.375,-0.066945821,-0.375,-0.125,0.026131645,-0.265625,-0.21875,0.02072574,-0.078125,-0.265625,-0.062685184,0.09375,-0.265625,-0.080499545,0.15625,-0.1875,-0.01036251,0.1875,-0.140625,0.001717555
34,Roberto Firmino Barbosa de Oliveira,Goal,Bernd Leno,-0.421875,0.21875,0.033602677,0.25,-0.015625,0.146230519,0.046875,0.015625,-0.018817352,-0.046875,-0.046875,0.026363356,-0.203125,0.125,0.230307803,-0.40625,0.203125,0.04157497,0,0,0,0.15625,-0.171875,0.029871274,0.171875,-0.171875,0.05330025,0.21875,-0.296875,0.00483221,0.359375,0.09375,-0.008224099,0.265625,-0.03125,0.085532814,0.25,-0.15625,0.015902892,0.0625,-0.1875,0.063419864,-0.046875,-0.125,0.091095224,-0.140625,-0.03125,0.113489658
35,Luka Milivojević,Goal,Mathew Ryan,0.3125,0.296875,-0.008463873,0.1875,0.078125,0.149269179,-0.0625,0,-0.063589737,0.09375,0,0.035875455,0.234375,0.109375,0.117204823,0.28125,0.296875,0.048754238,0,0,0,0.171875,-0.21875,-0.03036356,0.171875,-0.21875,-0.082150571,0.25,-0.390625,-0.06154108,-0.046875,0,-0.022319272,-0.015625,-0.09375,-0.076765254,0.078125,-0.25,-0.054783903,0.265625,-0.1875,-0.067380719,0.3125,-0.046875,-0.002205122,0.359375,0.046875,-0.030840781
36,Paul Pogba,Goal,Kasper Schmeichel,-0.078125,0.09375,0.357131273,-0.1875,0.078125,0.082779042,-0.046875,-0.03125,-0.015734456,0.0625,0.03125,0.008736051,0.15625,0.15625,0.136711463,-0.03125,0.28125,0.013692466,0,0,0,0.171875,-0.171875,-0.059370477,0.1875,-0.171875,-0.155488148,-0.390625,-0.046875,-0.171755448,-0.40625,0.21875,0.038396485,-0.28125,0.15625,-0.024058843,0.0625,-0.1875,-0.125795007,0.28125,-0.15625,-0.103781357,0.328125,-0.015625,-0.028370982,-0.484375,0.234375,-0.078148246
37,Paul Pogba,Saved,Angus Gunn,0.0625,0.359375,-0.060320061,-0.15625,0.21875,0.145853415,-0.0625,0.015625,-0.014470737,0.0625,0,0.011430054,0.25,0.234375,0.16960761,0.4375,0.4375,-0.000111202,0,0,0,0.015625,-0.203125,-0.021857481,0.015625,-0.1875,-0.036652084,0.03125,-0.328125,-0.09465266,-0.28125,-0.03125,-0.068241641,-0.21875,-0.140625,-0.046105709,-0.0625,-0.1875,-0.034503218,0.078125,-0.21875,-0.019973779,0.1875,-0.15625,0.054779295,0.171875,-0.125,-0.021291919
38,Paul Pogba,Saved,Jordan Pickford,0.09375,0.34375,0.076013863,-0.09375,0.1875,0.18775025,-0.03125,0.0625,-0.017533533,0.046875,-0.03125,-0.02256152,0.21875,0.125,0.254787266,0.40625,0.28125,0.083260454,0,0,0,-0.125,-0.03125,0.001263205,-0.125,-0.03125,-0.029849414,-0.0625,0.125,-0.216504082,-0.046875,0.046875,-0.015617792,-0.140625,0.125,-0.05804427,-0.1875,-0.03125,0.030982446,-0.078125,-0.09375,-0.01418166,-0.03125,-0.125,-0.07180658,-0.0625,0.03125,-0.073397323
39,Gylfi Þór Sigurðsson,Goal,David de Gea Quintana,0.328125,0.359375,-0.00912777,-0.28125,0.078125,0.129197031,-0.03125,0.015625,-0.001144804,0.0625,0,-0.023528866,0.15625,0.203125,0.048811506,0.34375,0.359375,-0.049141996,0,0,0,-0.1875,-0.21875,-0.01518633,-0.21875,-0.234375,-0.068956897,-0.328125,-0.265625,-0.125613481,-0.203125,0.078125,0.175236315,-0.109375,0.015625,0.08721976,-0.234375,-0.140625,-0.036923658,-0.09375,-0.234375,-0.138020962,0.015625,-0.0625,-0.041594867,0.03125,0.0625,-0.125550091
40,Sergio Leonel Agüero del Castillo,Goal,Karl Darlow,-0.03125,0.390625,0.008575849,0.09375,0.265625,0.253699541,0.03125,-0.015625,-0.060701475,0.015625,0.078125,0.013358615,0.046875,0.265625,0.322346777,0.015625,0.453125,0.043473583,0,0,0,0.03125,-0.203125,-0.011098236,0.078125,-0.25,0.026295852,0.265625,-0.453125,-0.060460694,0.1875,-0.078125,0.115937099,0.15625,-0.15625,-0.074026085,0.109375,-0.28125,0.046228237,0.03125,-0.203125,0.015866285,0.03125,-0.09375,0.201447889,0.0625,-0.0625,0.218131378
41,Daniel William John Ings,Goal,Mathew Ryan,-0.171875,0.46875,-0.051798522,-0.140625,0.1875,0.154999748,-0.078125,0,-0.012870953,0.09375,-0.015625,0.004014726,0.203125,0.171875,0.000718334,0.28125,0.375,-0.017803935,0,0,0,0.015625,-0.25,-0.034038585,0.015625,-0.234375,-0.119328409,0.03125,-0.40625,-0.084370203,-0.1875,0.078125,-0.186383665,-0.171875,-0.0625,-0.032673683,-0.109375,-0.234375,-0.094012909,0.140625,-0.265625,-0.089058742,0.21875,-0.109375,-0.023676243,0.296875,0.0625,-0.003389568
42,Glenn Murray,Goal,Alex McCarthy,-0.34375,0.40625,-0.032076858,-0.140625,0.046875,0.053693086,-0.015625,0.015625,0.002831803,0.078125,0.015625,-0.011432528,0.09375,0.125,0.091074295,0.125,0.296875,0.152550608,0,0,0,0.046875,-0.15625,-0.028505452,0.0625,-0.1875,-0.058828063,0.140625,-0.328125,-0.087872677,-0.109375,0.109375,-0.04846764,-0.125,-0.109375,-0.049845714,-0.078125,-0.09375,-0.060898483,0.09375,-0.140625,-0.067863241,0.09375,0.015625,-0.057879388,0.0625,0.046875,-0.187726274
43,Eden Hazard,Goal,Jonas Lössl,-0.4375,0.375,0.057056338,-0.140625,0.203125,0.302298069,-0.046875,-0.015625,0.016357346,0.046875,0.03125,-0.009203343,0.09375,0.171875,0.319020212,0.125,0.296875,0.090568483,0,0,0,-0.015625,-0.203125,0.004004645,-0.015625,-0.234375,-0.023843603,-0.03125,-0.40625,-0.048060089,-0.046875,-0.21875,-0.070742704,-0.171875,-0.203125,-0.029269343,-0.09375,-0.21875,-0.026678225,0.046875,-0.21875,-0.046733625,-0.1875,-0.1875,-0.021357834,-0.1875,-0.1875,-0.041113861
44,Leighton Baines,Goal,Heurelho da Silva Gomes,,,,,,,,,,,,,,,,,,,,,,,,,,,,,,,,,,,,,,,,,,,,,,,,
45,Tom Cleverley,Off T,Jordan Pickford,,,,,,,,,,,,,,,,,,,,,,,,,,,,,,,,,,,,,,,,,,,,,,,,
46,Joshua King,Goal,Orestis Karnezis,-0.25,0.234375,0.010929861,-0.15625,0.109375,0.141799718,-0.046875,-0.03125,0.009558435,0.046875,0.03125,0.000586235,-0.078125,0.21875,0.109872125,-0.171875,0.328125,0.002175663,0,0,0,0.046875,-0.21875,-0.019483492,0.046875,-0.234375,-0.053023554,0.015625,-0.40625,-0.050922222,-0.1875,-0.125,0.023284426,-0.109375,-0.234375,0.000980656,-0.0625,-0.234375,0.011474772,0.15625,-0.1875,-0.066007972,0.3125,-0.125,-0.022565773,0.359375,-0.046875,-0.026645778
47,Mohamed Salah,Goal,Martin Dúbravka,-0.25,0.484375,-0.061178487,-0.234375,0.203125,0.089384012,-0.078125,0.015625,0.016758902,0.078125,0,-0.010886561,0.203125,0.28125,0.17229487,0.3125,0.359375,-0.037698314,0,0,0,-0.140625,-0.21875,-0.04264171,-0.15625,-0.25,-0.121730484,-0.1875,-0.421875,0.010993794,-0.328125,0.078125,-0.00233408,-0.296875,-0.03125,0.02498332,-0.28125,-0.203125,-0.093026422,-0.03125,-0.234375,-0.104507536,0.171875,-0.046875,-0.042278673,0.234375,0.125,-0.106287837
48,Glenn Murray,Goal,Wayne Hennessey,-0.234375,0.265625,0.075921386,-0.265625,0.046875,0.13146849,0.03125,0,0.008700125,0,0,-0.003501827,0.078125,0.171875,0.114970282,0.25,0.3125,-0.063572168,0,0,0,-0.203125,0.015625,0.000273916,-0.21875,0.03125,-0.043548588,-0.34375,0.078125,-0.185277596,0.046875,-0.046875,0.006299026,-0.125,0,0.07874272,-0.265625,0.03125,-0.064680658,-0.21875,0.015625,-0.054504856,-0.171875,-0.03125,-0.069090769,0.0625,-0.015625,-0.035723519
49,Luka Milivojević,Goal,Mathew Ryan,0.015625,0.265625,0.064896852,0.03125,0.140625,0.066648833,-0.046875,0.015625,0.006759895,0.03125,0.015625,-0.032416649,0.0625,0.125,-0.041823022,0.25,0.265625,0.041440144,0,0,0,-0.09375,-0.25,-0.034256343,-0.109375,-0.28125,-0.071876198,-0.21875,-0.390625,-0.096499443,-0.15625,-0.015625,0.189079717,-0.15625,-0.140625,0.104841538,-0.15625,-0.234375,-0.019208796,-0.015625,-0.25,-0.060914561,0.09375,-0.078125,-0.093291335,0.09375,-0.046875,-0.064751975
50,Charlie Adam,Saved,Mathew Ryan,-0.25,0.3125,-0.042314209,-0.28125,0.078125,0.12255808,-0.046875,0.015625,0.047229379,0.015625,-0.015625,-0.05432456,0.046875,0.234375,0.057351865,0.28125,0.390625,-0.049286395,0,0,0,-0.203125,-0.15625,-0.035169296,-0.234375,-0.1875,-0.091903768,-0.359375,-0.234375,-0.07703656,-0.21875,0.09375,0.071304172,-0.171875,-0.015625,0.14459461,-0.234375,-0.125,-0.039101541,-0.171875,-0.15625,-0.140862629,-0.0625,-0.03125,-0.238674715,-0.046875,0.125,-0.274157017
51,Harry Kane,Goal,Jonas Lössl,0.03125,0.375,-0.199588776,-0.09375,0.09375,-0.035853751,-0.0625,0,-0.023216249,0.078125,0,0.019901572,0.234375,0.15625,0.049293611,0.359375,0.359375,-0.051239844,0,0,0,0.03125,-0.28125,-0.020452293,0.03125,-0.3125,-0.059985802,0.046875,-0.484375,-0.060165502,0.03125,-0.125,-0.076408781,-0.0625,-0.140625,-0.106932551,-0.078125,-0.28125,-0.057445388,0.140625,-0.28125,-0.03086219,0.171875,-0.09375,0.084498458,0.25,0.078125,0.030758075
52,Rajiv van La Parra,Goal,Asmir Begović,0.015625,0.375,-0.037488189,0.125,0.171875,0.010073742,-0.03125,0,-0.081465147,0.015625,-0.015625,0.077769898,0.203125,0.1875,0.150145248,0.15625,0.34375,0.143046677,0,0,0,0.203125,-0.1875,-0.021510631,0.21875,-0.203125,-0.032177236,0.328125,-0.34375,-0.041790176,0.421875,0.03125,0.054261371,0.296875,-0.109375,-0.030445758,0.140625,-0.203125,-0.0437821,0.265625,-0.1875,-0.006190987,0.296875,-0.09375,0.13934119,0.375,0.015625,0.133497864
53,Sergio Leonel Agüero del Castillo,Goal,Petr Čech,0.328125,0.3125,0.038337648,0.1875,0.09375,0.140551969,0.0625,-0.046875,-0.018372821,-0.03125,0.140625,-0.004984206,-0.015625,0.046875,0.201384082,-0.015625,0.328125,0.208392799,0,0,0,-0.0625,-0.265625,-0.023373196,-0.046875,-0.328125,-0.058386773,0.1875,-0.421875,-0.048810337,-0.25,0.03125,0.032268338,-0.1875,-0.140625,-0.015623065,-0.15625,-0.265625,-0.018888418,0.140625,-0.21875,-0.061623886,0.171875,-0.21875,-0.020120833,0.265625,-0.125,0.016274834
54,James Philip Milner,Goal,Neil Leonard Dula Etheridge,-0.109375,0.25,-0.076130621,-0.28125,-0.046875,-0.029055294,-0.09375,-0.015625,-0.017436156,0.0625,0,0.004762152,0.21875,0.109375,0.247143075,0.375,0.265625,0.025813226,0,0,0,-0.09375,-0.3125,-0.020032659,-0.109375,-0.3125,-0.056062978,-0.078125,-0.453125,-0.023353225,-0.375,-0.09375,0.080452614,-0.3125,-0.203125,0.072119094,-0.234375,-0.296875,-0.044325627,0.03125,-0.3125,-0.039451066,0.109375,-0.265625,-0.002440722,0.015625,-0.34375,-0.032116916
55,James Ward-Prowse,Goal,Kasper Schmeichel,,,,,,,,,,,,,,,,,,,,,,,,,,,,,,,,,,,,,,,,,,,,,,,,
56,André Ayew Pelé,Saved,Rob Elliot,-0.015625,0.25,-0.04728939,0,0.15625,0.14910309,0.015625,0,-0.031465586,-0.03125,0,0.033686075,-0.078125,0.140625,0.174669489,-0.234375,0.296875,-0.022432841,0,0,0,0.046875,-0.203125,0.013910064,0.0625,-0.21875,0.024055744,0.140625,-0.328125,-0.002375195,-0.015625,-0.078125,0.01875969,0.046875,-0.109375,-0.007500646,0.078125,-0.203125,0.018406985,0,-0.203125,0.04081488,-0.0625,-0.125,0.110368326,-0.0625,-0.0625,0.172470242
57,Luka Milivojević,Goal,Bernd Leno,-0.109375,0.25,0.085445598,-0.015625,0.203125,0.300200254,-0.03125,0,0.022452675,0,-0.015625,-0.033704508,-0.15625,0.171875,0.086366147,-0.21875,0.328125,-0.037766498,0,0,0,-0.09375,-0.15625,-0.01238078,-0.109375,-0.1875,-0.055355992,-0.234375,-0.203125,-0.025744885,-0.1875,0.03125,0.030620169,-0.15625,-0.046875,0.149580404,-0.140625,-0.15625,0.015834909,-0.0625,-0.171875,-0.076680586,-0.03125,-0.1875,-0.052094053,-0.1875,-0.1875,-0.090276726
58,Luka Milivojević,Goal,Bernd Leno,0.171875,0.3125,0.104674958,-0.171875,0.21875,0.441703796,0,0,-0.019675069,-0.015625,0.015625,0.010509865,0.0625,0.1875,0.271338403,0.171875,0.34375,0.074084215,0,0,0,0.0625,-0.15625,0.004216773,0.0625,-0.15625,0.021089088,0.109375,-0.34375,0.011071447,-0.125,-0.0625,0.004734847,-0.09375,-0.125,-0.033271361,0,-0.15625,-0.067161739,0.125,-0.15625,0.025011512,0.25,-0.0625,0.047936998,0.359375,0.078125,0.052045066
59,Mark Noble,Goal,Wayne Hennessey,-0.15625,0.265625,0.113250986,-0.09375,0.078125,0.087636143,0,0.015625,0.041080177,-0.015625,0.03125,-0.050770838,-0.1875,0.109375,0.042270016,-0.1875,0.25,0.015157031,0,0,0,-0.0625,-0.265625,0.010533228,-0.09375,-0.296875,0.03319212,-0.171875,-0.4375,0.007630391,-0.03125,-0.09375,0.216035113,0.015625,-0.109375,0.156070352,0.015625,-0.265625,0.111769401,-0.140625,-0.265625,0.030607622,-0.1875,-0.125,0.06113103,-0.25,-0.015625,0.149032131
60,José Luis Sanmartín Mato,Saved,Nick Pope,0.03125,0.265625,0.185456127,0.140625,0.109375,0.20795697,-0.03125,0,-0.039625198,0.03125,0,0.015930109,-0.140625,0.046875,0.196972683,-0.234375,0.203125,0.146673203,0,0,0,0.109375,-0.15625,-0.008679955,0.125,-0.203125,-0.026006337,0.203125,-0.3125,0.004592536,0.015625,-0.0625,-0.014823165,0.203125,-0.03125,0.010912311,0.203125,-0.15625,-0.015934862,0.03125,-0.171875,-0.000170714,-0.046875,-0.109375,0.053706098,-0.0625,-0.046875,0.119632035
61,Gabriel Fernando de Jesus,Post,Hugo Lloris,0,0.359375,-0.105869085,-0.203125,0.171875,-0.034056835,-0.078125,0,0.001835958,0.0625,0,-0.016949233,0.21875,0.21875,0.188142374,0.328125,0.328125,-0.077203505,0,0,0,-0.078125,-0.234375,-0.057522725,-0.09375,-0.25,-0.148227438,-0.140625,-0.421875,-0.127385229,-0.25,-0.015625,-0.075323045,-0.25,-0.09375,0.004015556,-0.234375,-0.234375,-0.101418093,0.046875,-0.25,-0.107377626,0.203125,-0.140625,-0.085419372,0.328125,0.0625,-0.168810904
62,Eden Hazard,Goal,Neil Leonard Dula Etheridge,-0.28125,0.234375,-0.017203443,-0.109375,0.125,-0.00371068,0.09375,0,0.020265726,-0.03125,0.015625,-0.020476574,0.046875,0.1875,0.13460274,0.046875,0.375,-0.195056528,0,0,0,-0.03125,-0.28125,0.002791639,-0.046875,-0.328125,-0.016929802,-0.046875,-0.46875,-0.112658679,-0.09375,-0.046875,0.18555057,-0.21875,-0.140625,-0.014272897,-0.140625,-0.25,-0.009625679,0.078125,-0.3125,-0.008568009,0.140625,-0.15625,0.001059459,0.203125,-0.1875,0.031621203
63,Mark Noble,Goal,Vicente Guaita Panadero,-0.34375,0.359375,0.064372808,-0.125,0.125,-0.013516646,-0.03125,0,-0.02334181,0.046875,0,0.019919898,0.171875,0.078125,0.027838383,0.1875,0.28125,-0.016852874,0,0,0,0.109375,-0.140625,-0.038733918,0.109375,-0.15625,-0.084572963,0.1875,-0.265625,-0.105605051,-0.09375,-0.015625,-0.119219065,-0.0625,-0.09375,-0.119094752,0.03125,-0.171875,-0.059063133,0.171875,-0.140625,-0.063591711,0.15625,-0.03125,0.073138595,0.125,0.078125,-0.030926371
64,Harry Kane,Goal,Bernd Leno,0.046875,0.203125,-0.211193144,0.046875,0.046875,-0.077427588,-0.046875,0.015625,-0.005528121,0.109375,-0.078125,0.020776372,0.203125,0.03125,0.096107505,0.15625,0.15625,-0.223300681,0,0,0,-0.0625,-0.203125,0.008443134,-0.0625,-0.21875,-0.019101508,-0.0625,-0.390625,-0.061594397,-0.265625,0.046875,0.021738928,-0.21875,-0.109375,0.046704404,-0.171875,-0.1875,0.019182259,0.046875,-0.234375,0.054552339,0.125,-0.171875,0.104461357,0.109375,-0.15625,0.037354596
65,Pierre-Emerick Aubameyang,Saved,Hugo Lloris,0.296875,0.234375,0.171635687,0.171875,0.171875,0.15747717,0.0625,-0.015625,-0.005145001,-0.078125,0.015625,0.014624164,0.203125,0.171875,0.230487227,-0.03125,0.15625,0.093486115,0,0,0,0.015625,-0.25,-0.025604282,0.015625,-0.28125,-0.043861963,0.03125,-0.4375,-0.01723988,0.078125,-0.140625,0.027779013,0.140625,-0.1875,0.057341509,0.125,-0.234375,-0.025367066,-0.078125,-0.265625,-0.051274993,-0.140625,-0.25,0.043177303,-0.046875,-0.140625,0.047584753
66,Sergio Leonel Agüero del Castillo,Goal,Kepa Arrizabalaga Revuelta,0.078125,-0.46875,0.471589893,-0.140625,0.1875,0.060420264,-0.125,-0.015625,0.034787327,-0.0625,-0.046875,-0.015047973,-0.203125,0.078125,0.003469671,-0.0625,0.328125,0.078270577,0,0,0,-0.21875,-0.21875,0.005071837,-0.359375,-0.328125,-0.115104362,-0.453125,-0.359375,-0.098934419,-0.203125,-0.03125,0.204907537,-0.421875,-0.171875,-0.010303538,-0.1875,-0.28125,0.028837508,-0.28125,-0.203125,-0.095181592,-0.390625,-0.15625,-0.034997441,-0.03125,0.375,-0.026679102
67,Troy Deeney,Goal,Thibaut Courtois,-0.171875,0.390625,-0.03947296,-0.078125,0.203125,0.061859306,-0.03125,0,-0.023717593,0.03125,0,0.018513849,0.1875,0.15625,0.177084997,0.28125,0.3125,0.040353984,0,0,0,0.015625,-0.1875,-0.012900535,0.03125,-0.1875,-0.037475038,0.046875,-0.3125,0.007656641,0.046875,-0.34375,0.012750907,-0.078125,-0.296875,0.014495343,0.015625,-0.1875,-0.045166112,0.046875,-0.21875,-0.044411503,-0.0625,-0.296875,0.031918518,0.046875,-0.328125,-0.001201732
68,Harry Kane,Goal,Nick Pope,0.125,0.421875,-0.031921692,0.078125,0.25,0.398848325,0.03125,0,-0.019620491,-0.03125,0,0.024946177,0.046875,0.234375,0.336205482,0.09375,0.40625,0.049652003,0,0,0,0.09375,-0.3125,0.033970077,0.09375,-0.359375,0.053202491,0.125,-0.453125,-0.018056391,0.078125,-0.109375,0.020912454,-0.125,-0.078125,0.012686163,-0.015625,-0.3125,0.022430193,0.203125,-0.328125,0.007807025,-0.15625,-0.0625,0.072676696,0.234375,-0.09375,0.063709669
69,Pierre-Emerick Aubameyang,Goal,Neil Leonard Dula Etheridge,-0.359375,0.46875,-0.053558864,0.21875,0.15625,0.184371933,-0.0625,0,-0.024833117,0.09375,0.0625,0.014964043,-0.109375,0.28125,0.084270447,-0.34375,0.421875,0.139021918,0,0,0,0.125,-0.15625,-0.000968979,0.140625,-0.171875,0.035527259,0.28125,-0.265625,-0.023656756,0.265625,0.171875,0.054895397,0.171875,0.015625,-0.002035022,0.078125,-0.171875,0.053024374,-0.140625,-0.03125,0.111279748,0.1875,0.03125,0.096194632,-0.34375,0.390625,0.093090028
70,Xherdan Shaqiri,Saved,Łukasz Fabiański,,,,,,,,,,,,,,,,,,,,,,,,,,,,,,,,,,,,,,,,,,,,,,,,
71,Roberto Firmino Barbosa de Oliveira,Goal,Heurelho da Silva Gomes,-0.4375,0.359375,-0.076725304,-0.359375,0.203125,0.327703267,-0.078125,0,-0.039994005,0.03125,0.046875,0.031756531,0.15625,0.140625,0.092879735,-0.09375,0.359375,-0.046388254,0,0,0,0.125,-0.265625,-0.039508328,0.125,-0.28125,-0.099621847,0.203125,-0.4375,-0.019819571,-0.015625,0.046875,-0.132638931,-0.078125,-0.1875,-0.125195608,0.03125,-0.296875,-0.055853605,0.234375,-0.25,-0.045625247,0.09375,-0.140625,0.132210016,0.1875,0.015625,0.095982082
72,Marko Arnautović,Goal,Asmir Begović,-0.109375,0.296875,0.036147021,-0.203125,0.140625,0.324375957,-0.03125,0.015625,0.044718526,0.03125,-0.015625,-0.045752835,0.078125,0.234375,0.057055533,0.296875,0.40625,-0.033316497,0,0,0,-0.171875,-0.203125,-0.030605327,-0.1875,-0.21875,-0.068196021,-0.296875,-0.375,-0.034870494,-0.21875,0.015625,0.056534238,-0.203125,-0.0625,0.084172972,-0.21875,-0.1875,-0.018098781,-0.125,-0.203125,-0.093786575,-0.109375,-0.03125,-0.181407839,-0.25,0.046875,-0.044616979
73,Luka Milivojević,Goal,Ben Hamer,-0.125,0.421875,0.095598191,-0.09375,0.203125,0.196739867,-0.0625,0.015625,-0.013850917,0.046875,-0.015625,0.015751386,0.171875,0.171875,0.226740956,0.0625,0.34375,0.076676995,0,0,0,-0.046875,-0.25,0.005428484,-0.0625,-0.265625,0.01205279,-0.109375,-0.40625,-0.008781786,-0.1875,0.046875,0.071456313,-0.140625,-0.125,0.029658884,-0.125,-0.234375,-0.015058403,0.03125,-0.265625,0.015400016,0.03125,-0.21875,-0.020505758,0.09375,-0.171875,-0.127610356
74,Pierre-Emerick Aubameyang,Goal,Mathew Ryan,-0.265625,0.21875,0.181865454,-0.28125,0.109375,0.261850566,-0.0625,-0.03125,0.054324053,0.046875,0.015625,-0.065967523,-0.125,0.0625,0.035835765,-0.203125,0.265625,-0.055396974,0,0,0,-0.125,-0.234375,-0.025241408,-0.171875,-0.265625,-0.051511385,-0.28125,-0.375,-0.075977646,-0.421875,0.109375,0.096894495,-0.265625,-0.09375,0.147043914,-0.1875,-0.234375,0.012166534,-0.0625,-0.21875,-0.131090149,-0.109375,0.015625,-0.211512044,-0.171875,-0.015625,-0.128293559
75,Glenn Murray,Goal,Bernd Leno,-0.25,0.28125,0.033758469,-0.203125,0.125,0.126576111,-0.03125,0,0.026427999,0.03125,0.015625,-0.017537558,0.0625,0.203125,-0.000129192,0.1875,0.359375,0.006307727,0,0,0,0.046875,-0.078125,-0.041058987,0.03125,-0.09375,-0.08510796,0.046875,-0.1875,-0.069076732,-0.046875,-0.15625,-0.009018796,0.015625,-0.125,-0.053962398,0,-0.078125,-0.025864288,0.046875,-0.09375,-0.106852084,0.015625,-0.109375,-0.111596406,-0.015625,-0.15625,-0.11670243
76,Wilfried Zaha,Goal,Łukasz Fabiański,,,,,,,,,,,,,,,,,,,,,,,,,,,,,,,,,,,,,,,,,,,,,,,,
77,Gylfi Þór Sigurðsson,Post,Marcus Bettinelli,0.015625,0.3125,-0.026033912,-0.21875,0.125,0.176198602,-0.0625,-0.046875,-0.023222614,0.0625,-0.015625,0.025348296,0.171875,0.109375,0.086192377,-0.390625,0.296875,0.053949036,0,0,0,0.15625,-0.234375,-0.011308586,0.171875,-0.25,-0.080708161,0.328125,-0.3125,-0.087796785,-0.09375,-0.25,-0.181318,-0.046875,-0.25,-0.087386578,-0.046875,-0.25,-0.04722001,0.265625,-0.203125,0.002769982,0.265625,-0.0625,0.075997271,-0.046875,-0.109375,-0.045015324
78,Pascal Groß,Goal,David de Gea Quintana,-0.03125,0.296875,0.007524341,-0.234375,0.078125,-0.152545199,-0.0625,0.015625,-0.024093978,0.03125,-0.0625,0.007045961,0.15625,0.1875,0.208552226,0.34375,0.328125,-0.006858012,0,0,0,-0.1875,-0.296875,-0.022711363,-0.203125,-0.34375,-0.057057437,-0.25,-0.5,-0.054977611,-0.359375,0.109375,-0.079750083,-0.3125,-0.0625,0.036903635,-0.328125,-0.25,-0.05422372,-0.078125,-0.34375,-0.038772192,0.03125,-0.171875,0.068742312,0.125,0.015625,-0.017441884
79,Paul Pogba,Goal,Mathew Ryan,0.203125,0.46875,-0.007528612,0.109375,0.203125,0.142863005,0.015625,-0.03125,-0.03732799,0.015625,0.015625,0.005221426,0.0625,0.234375,0.145989895,0.1875,0.40625,0.063022852,0,0,0,0,-0.109375,-0.035276968,0,-0.109375,-0.088738121,0.109375,-0.21875,-0.076659925,0.1875,0.1875,-0.149586305,0.109375,0.078125,-0.070457652,0.03125,-0.109375,-0.081280909,-0.03125,-0.109375,-0.069982626,-0.109375,-0.03125,0.045904078,0.15625,0.171875,-0.060223583
80,Rúben Diogo Da Silva Neves,Goal,Hugo Lloris,0.09375,0.4375,-0.056812748,0.0625,0.265625,0.392297745,0.046875,0.015625,-0.007230018,-0.046875,0.046875,-0.008373293,-0.046875,0.21875,0.224158138,-0.140625,0.28125,0.087643959,0,0,0,0.15625,-0.125,-0.020761169,0.15625,-0.140625,-0.043236025,0.203125,-0.28125,-0.008818801,0.078125,-0.109375,0.054300848,0.1875,-0.03125,-0.011406495,0.171875,-0.125,-0.082539536,0.1875,-0.171875,-0.011787997,0.0625,-0.171875,-0.001024376,-0.03125,-0.140625,0.079887979
81,Raúl Alonso Jiménez Rodríguez,Goal,Hugo Lloris,,,,,,,,,,,,,,,,,,,,,,,,,,,,,,,,,,,,,,,,,,,,,,,,
82,Mohamed Salah,Goal,Jonas Lössl,0.03125,0.46875,0.051463909,-0.09375,0.265625,0.443999916,-0.0625,0.015625,-0.015388465,0.078125,-0.015625,-0.004123229,0.21875,0.1875,0.19029966,0.359375,0.375,0.003391173,0,0,0,0,-0.265625,-0.032806814,0,-0.296875,-0.085541047,0,-0.484375,-0.042618118,-0.09375,0.03125,-0.035025164,-0.109375,-0.09375,0.007222885,-0.109375,-0.25,-0.049262412,0.140625,-0.265625,-0.038651571,0.234375,-0.078125,-0.026250761,0.3125,0.09375,0.039629184
83,Wayne Mark Rooney,Saved,Łukasz Fabiański,-0.453125,0.359375,-0.002508588,-0.234375,0.171875,0.229671299,-0.0625,-0.015625,-0.009755411,0.078125,0.03125,0.005095684,0.046875,0.21875,0.242150068,-0.40625,0.328125,0.026336899,0,0,0,0.125,-0.171875,0.035738178,0.15625,-0.1875,0.030845478,0.015625,-0.140625,-0.027414104,-0.25,-0.03125,-0.00210375,-0.109375,-0.171875,-0.042497341,0.046875,-0.234375,-0.022169903,0.265625,-0.125,-0.021114847,0.296875,-0.015625,0.022391155,0.296875,0.125,0.071604751
84,Wayne Mark Rooney,Goal,Łukasz Fabiański,0.125,0.328125,0.058685534,-0.0625,0.21875,0.178785175,-0.0625,0.03125,-0.00137346,0,0.03125,-0.01884057,-0.109375,0.15625,0.145332798,-0.28125,0.1875,0.294492573,0,0,0,-0.0625,-0.21875,-0.027637821,-0.0625,-0.265625,-0.051788069,-0.140625,-0.375,-0.012764666,-0.21875,-0.0625,0.091714114,-0.1875,-0.0625,0.059491523,-0.125,-0.21875,-0.065267481,0,-0.25,-0.062601082,0.203125,-0.140625,-0.057900667,0.09375,0.078125,-0.056208752
85,Pierre-Emerick Aubameyang,Saved,Ederson Santana de Moraes,,,,,,,,,,,,,,,,,,,,,,,,,,,,,,,,,,,,,,,,,,,,,,,,
86,Joshua King,Goal,Kasper Schmeichel,-0.421875,0.25,0.129248068,0.21875,0.125,0.16785416,0,0,-0.041688152,0.046875,0.015625,0.046104345,-0.21875,0.09375,0.037435126,-0.421875,0.25,0.136825681,0,0,0,0.203125,-0.21875,-0.054038893,0.21875,-0.234375,-0.130926877,0.140625,0.09375,-0.116992384,0.0625,0.265625,-0.162524387,0.078125,-0.03125,-0.108403653,0.21875,-0.234375,-0.104085803,0.21875,-0.234375,-0.076530918,0.09375,-0.171875,0.020779697,0.0625,0.046875,0.041989021
87,James Maddison,Goal,Asmir Begović,0.21875,0.21875,0.07958661,0.125,0.109375,0.084330119,0.078125,0.015625,-0.035018526,-0.03125,0,0.003425635,-0.015625,0.140625,0.053382471,-0.046875,0.328125,0.069310427,0,0,0,0.140625,-0.171875,-0.028589625,0.15625,-0.171875,-0.044326838,0.21875,-0.3125,0.023737319,0.265625,-0.234375,0.011772443,0.234375,-0.28125,-0.042351648,0.15625,-0.21875,-0.051547751,0.109375,-0.1875,-0.02540089,0.015625,-0.09375,0.079963766,-0.015625,-0.0625,0.115383953
88,Luka Milivojević,Goal,Jonas Lössl,-0.4375,0.359375,-0.056901179,-0.21875,0.15625,0.199754283,-0.046875,-0.015625,-0.008862265,0.0625,0.03125,-0.003160721,0,0.203125,-0.000515181,-0.15625,0.390625,-0.109425187,0,0,0,0.078125,-0.234375,-0.034214921,0.078125,-0.265625,-0.067991428,0.109375,-0.40625,-0.051657937,-0.15625,0.078125,0.033724084,-0.0625,-0.078125,-0.03496762,-0.03125,-0.234375,-0.054302704,0.1875,-0.21875,-0.024616903,0.265625,-0.09375,0.025986092,0.3125,0,0.01728178
89,Sergio Leonel Agüero del Castillo,Goal,Łukasz Fabiański,-0.078125,0.40625,-0.052960418,-0.03125,0.21875,0.200173974,-0.03125,0,-0.036619648,0.03125,0.03125,0.017785322,0,0.21875,0.249299392,-0.0625,0.40625,-0.043667443,0,0,0,0.125,-0.203125,-0.009148348,0.140625,-0.234375,-0.03811188,0.234375,-0.375,-0.080218837,-0.140625,-0.03125,0.005086426,-0.0625,-0.140625,-0.049755525,0.0625,-0.234375,-0.051302586,0.203125,-0.203125,-0.035450645,0.09375,-0.109375,0.042540103,0.09375,-0.078125,0.045890197
90,Manolo Gabbiadini,Goal,Rob Elliot,0.015625,0.359375,-0.016234724,0.0625,0.171875,0.204999819,0.0625,0,0.001372635,-0.0625,-0.015625,4.84E-06,-0.03125,0.171875,0.237080589,-0.140625,0.375,-0.01356705,0,0,0,-0.015625,-0.28125,0.011506814,-0.015625,-0.328125,-0.001599891,-0.015625,-0.4375,-0.030276094,0.265625,-0.078125,0.13922736,0.203125,-0.125,0.042352162,0.1875,-0.265625,0.02527087,-0.140625,-0.296875,0.049329326,-0.1875,-0.1875,0.043059394,-0.1875,-0.109375,0.065678053
91,Troy Deeney,Goal,Łukasz Fabiański,0.15625,0.40625,-0.110583462,-0.078125,0.171875,-0.153594717,-0.0625,0.03125,-0.013561163,0.078125,-0.015625,0.006370349,0.265625,0.1875,0.038314741,0.4375,0.421875,-0.03683925,0,0,0,-0.03125,-0.234375,-0.028281005,-0.046875,-0.21875,-0.098048359,-0.015625,-0.421875,-0.098089181,-0.203125,0.03125,-0.003826313,-0.234375,-0.15625,-0.035993259,-0.1875,-0.203125,-0.076494187,0.09375,-0.234375,-0.066357523,0.1875,-0.171875,-0.015015295,0.234375,-0.046875,-0.035824176
92,Pierre-Emerick Aubameyang,Goal,David de Gea Quintana,0.171875,0.3125,-0.042515762,0.265625,0.0625,0.314799637,0.03125,0,-0.065015219,-0.046875,0.03125,0.038867805,-0.09375,0.234375,0.144521907,0.109375,0.234375,0.152735829,0,0,0,0.171875,-0.234375,0.018077048,0.1875,-0.265625,0.024337465,0.3125,-0.375,0.013498291,0.046875,-0.109375,0.027847853,0.109375,-0.15625,-0.051015902,0.203125,-0.21875,-0.015514705,0.125,-0.25,0.079919033,0.03125,-0.203125,0.11346855,0.125,0.0625,0.206836119
93,Willian Borges da Silva,Goal,Jack Butland,-0.015625,0.296875,-0.079070769,0,0.15625,0.012141651,0.015625,0,-0.003958505,-0.078125,0.015625,-0.01855626,0.03125,0.171875,-0.028487837,-0.125,0.265625,-0.191399425,0,0,0,0.140625,-0.03125,0.03127994,0.015625,-0.046875,0.094513796,0.171875,0.171875,-0.131103948,-0.046875,-0.0625,0.15578194,0.015625,-0.1875,0.043195304,-0.015625,-0.1875,0.053195082,-0.1875,-0.140625,-0.180012986,-0.21875,-0.03125,-0.013716279,-0.15625,-0.125,-0.071522579
94,Jamie Vardy,Saved,Hugo Lloris,-0.03125,0.296875,-0.013786234,-0.171875,0.171875,0.105585799,-0.046875,0.015625,0.046712626,0.03125,0,-0.03680636,0.078125,0.21875,0.009024248,0.265625,0.390625,-0.019477054,0,0,0,-0.0625,-0.25,-0.003146004,-0.09375,-0.28125,-0.026885387,-0.203125,-0.40625,-0.050521687,0.015625,-0.078125,0.135855988,-0.03125,-0.140625,0.096607,-0.109375,-0.234375,0.004652184,-0.015625,-0.265625,-0.046290003,0.125,-0.171875,-0.052923772,0.203125,-0.015625,0.013913035
95,Anthony Martial,Goal,Jordan Pickford,-0.265625,0.421875,0.032192335,-0.234375,0.21875,0.069427289,-0.078125,-0.015625,0.000362329,0.0625,0.015625,0.010687762,0.078125,0.25,0.0774372,0.015625,0.359375,-0.031570397,0,0,0,-0.03125,-0.21875,-0.027596824,-0.03125,-0.25,-0.086555727,-0.046875,-0.390625,-0.043732449,-0.28125,0.046875,-0.08463528,-0.234375,-0.125,-0.015466352,-0.140625,-0.21875,-0.033351596,0.078125,-0.203125,-0.077878915,0.125,-0.0625,0.003680031,0.15625,0.078125,-0.03487315
96,Aboubakar Kamara,Goal,David de Gea Quintana,0.109375,0.40625,-0.060506567,0.03125,0.203125,0.101670496,-0.046875,0.015625,-0.043170296,0.015625,0,0.025883352,0.09375,0.15625,0.084981494,0.15625,0.3125,-0.023779331,0,0,0,-0.125,-0.078125,-0.040978938,-0.140625,-0.09375,-0.111374341,0.015625,0.0625,-0.136369616,-0.21875,0.234375,-0.072285771,-0.1875,0.03125,-0.090730898,-0.15625,-0.015625,-0.088639855,0.015625,-0.171875,-0.031564713,0.0625,-0.203125,-0.044188004,0.078125,-0.265625,-0.022266135
97,Matt Ritchie,Saved,Jordan Pickford,-0.390625,0.359375,-0.08472728,-0.171875,0.21875,0.068171673,0.015625,0.015625,-0.022392713,-0.015625,-0.03125,0.025697228,-0.1875,0.1875,0.140688568,-0.375,0.390625,-0.040281095,0,0,0,0.171875,-0.171875,-0.009251582,0.1875,-0.1875,-0.031950362,0.265625,-0.3125,-0.046863273,0.0625,-0.046875,-0.038271073,0.109375,-0.09375,-0.093155347,0.109375,-0.203125,-0.028660441,0.25,-0.140625,-0.00954289,0.015625,-0.140625,0.074341446,0,-0.09375,0.124325588
98,Jamie Vardy,Goal,Martin Dúbravka,,,,,,,,,,,,,,,,,,,,,,,,,,,,,,,,,,,,,,,,,,,,,,,,
99,Pierre-Emerick Aubameyang,Goal,Jack Butland,0.046875,0.375,-0.104665846,-0.09375,0.203125,0.395584613,0,0,0.020205604,0.0625,-0.015625,-0.017740101,-0.03125,0.21875,0.28267464,0.046875,0.390625,-0.123951741,0,0,0,-0.078125,-0.265625,-0.027478775,-0.078125,-0.28125,-0.082002372,-0.125,-0.4375,-0.040611032,-0.015625,-0.15625,0.000602487,-0.140625,-0.171875,-0.010837349,-0.1875,-0.25,0.021948539,0.03125,-0.265625,-0.10328766,0.078125,-0.171875,-0.097655855,-0.109375,-0.125,-0.075807288
100,Alexandre Lacazette,Goal,Jack Butland,0.53125,-0.453125,0.291445315,-0.03125,0.125,0.190127328,-0.046875,0,-0.017412921,0.15625,0.03125,-0.042490013,0.03125,0.046875,0.117159195,0.53125,-0.453125,0.321635038,0,0,0,0.078125,-0.203125,0.029119462,0.109375,-0.1875,0.108524695,-0.265625,-0.265625,-0.115079515,0.0625,-0.015625,0.092615351,-0.125,-0.0625,0.072171658,0.046875,-0.234375,0.004572893,0.09375,-0.125,0.063496687,-0.140625,-0.109375,-0.089178607,0.03125,0,-0.004080714
101,Gabriel Fernando de Jesus,Saved,Łukasz Fabiański,0.03125,0.375,0.080381714,0.0625,0.1875,0.087444961,0,0,-0.026626926,0.03125,0,0.009964345,0.0625,0.203125,0.041369192,0.109375,0.328125,0.082699865,0,0,0,0.015625,-0.140625,-0.011908758,0.03125,-0.15625,-0.035826858,0.171875,-0.296875,-0.029531917,0.0625,-0.109375,0.054124348,0.09375,-0.109375,0.040621046,0.109375,-0.15625,-0.032934152,-0.078125,-0.140625,0.018921917,-0.046875,-0.0625,0.01013294,-0.1875,0.203125,0.098326743
102,Joe Ralls,Saved,Łukasz Fabiański,-0.390625,0.578125,-0.048304014,-0.203125,0.375,0.04281361,-0.171875,0.15625,-0.027113659,0,0,0.023895061,-0.25,0.375,0.193216279,-0.421875,0.546875,0.052293919,0,0,0,-0.046875,0.15625,0.017937314,-0.046875,0.15625,0.033998907,0.03125,-0.0625,-0.166964725,0,0.46875,0.071701169,0.0625,0.390625,-0.040753413,-0.015625,0.203125,0.016625589,-0.0625,0.171875,0.048210397,-0.09375,0.15625,0.056779135,-0.203125,0.265625,0.204442054
103,Jamie Vardy,Goal,Jordan Pickford,-0.0625,0.40625,-0.090713084,-0.125,0.203125,-0.0250769,-0.09375,-0.046875,-0.034566931,0.078125,-0.015625,0.005131411,0.046875,0.1875,0.076421909,0,0.40625,-0.042612854,0,0,0,0.03125,-0.09375,0.03166252,0.03125,-0.109375,0.094999552,0.1875,-0.265625,-0.029026544,0.03125,-0.046875,-0.038538482,-0.140625,-0.15625,0.108500488,0.1875,-0.171875,0.052695196,0.140625,-0.234375,-0.034774169,0.046875,-0.09375,0.0190752,0.40625,-0.390625,-0.077911049
104,Mark Noble,Goal,Jack Butland,-0.078125,0.265625,0.050299782,-0.1875,0.140625,0.108694762,0,0,0.009315928,0.03125,0,-0.005644783,0.171875,0.09375,0.240033612,0.328125,0.203125,0.054143928,0,0,0,-0.15625,-0.125,-0.032810349,-0.15625,-0.140625,-0.076846644,-0.25,-0.28125,-0.065527201,0.046875,-0.140625,0.06193326,-0.171875,0.109375,0.003660202,-0.1875,-0.140625,-0.028215632,-0.109375,-0.140625,-0.104768604,-0.046875,-0.046875,-0.178757668,0.03125,0.0625,-0.137678996
105,Eden Hazard,Goal,Ben Foster,0.09375,0.359375,0.118790589,0.171875,0.15625,0.354233205,0.0625,-0.015625,0.024663236,-0.109375,-0.015625,-0.005368765,-0.1875,0.09375,0.360364914,-0.34375,0.234375,0.131926537,0,0,0,-0.0625,-0.203125,0.048220951,-0.0625,-0.21875,0.111337751,-0.15625,-0.328125,0.040927142,0.0625,-0.046875,0.313312739,0.203125,-0.1875,0.088274248,0.0625,-0.25,0.029147018,-0.1875,-0.1875,0.090809457,-0.234375,-0.09375,0.154653221,-0.171875,-0.125,0.24956432
106,Ashley Barnes,Goal,Mathew Ryan,0.171875,0.40625,0.126782775,0.015625,0.234375,0.329619408,0.03125,-0.015625,0.04891865,-0.046875,0,-0.046126518,-0.28125,0.140625,0.289084882,-0.140625,0.28125,0.084860332,0,0,0,-0.140625,-0.234375,-0.023266872,-0.15625,-0.25,-0.043235596,-0.1875,-0.390625,-0.079289876,-0.09375,0.015625,0.203156188,-0.046875,-0.125,0.159952357,-0.09375,-0.25,-0.04234245,-0.1875,-0.21875,-0.011685533,-0.234375,-0.046875,-0.001754246,-0.203125,0.03125,0.058824364
107,Aleksandar Mitrović,Goal,Artur Boruc,-0.40625,0.296875,0.071283579,-0.1875,0.125,0.149237916,-0.078125,-0.03125,-0.009874901,0.0625,0.015625,0.003492675,0.234375,0.0625,0.165279195,0.140625,0.296875,-0.09171062,0,0,0,0.09375,-0.21875,-0.002375465,0.09375,-0.21875,-0.015322727,0.109375,-0.375,-0.06749393,-0.078125,-0.046875,-0.056798197,-0.0625,-0.125,0.044782169,-0.015625,-0.21875,0.013932766,0.203125,-0.21875,-0.013194534,0.328125,-0.0625,0.006566176,0.359375,0.0625,-0.017132673
108,Robert Kenedy Nunes do Nascimento,Saved,Neil Leonard Dula Etheridge,-0.46875,0.421875,-0.037552334,-0.234375,0.1875,0.184652254,-0.09375,0,0.019513359,0.078125,0.015625,0.006893807,-0.21875,0.234375,0.101892263,-0.421875,0.375,-0.037458766,0,0,0,0,-0.234375,-0.041692629,0,-0.234375,-0.110626228,0.0625,-0.375,-0.073365174,0.109375,0.28125,-0.109793089,-0.203125,-0.09375,-0.020114845,-0.125,-0.25,-0.027373144,0.15625,-0.21875,-0.064198479,0.21875,-0.015625,-0.091400154,-0.203125,0.015625,-0.05496902
109,İlkay Gündoğan,Goal,Hugo Lloris,0.125,0.359375,-0.122484669,0,0.140625,-0.211314827,-0.078125,0,-0.022744799,0.078125,-0.015625,-0.002693131,0.21875,0.15625,0.205850184,0.3125,0.375,-0.020783165,0,0,0,0.015625,-0.296875,-0.053478882,0.015625,-0.296875,-0.128767356,0.046875,-0.46875,-0.095545717,-0.296875,-0.15625,-0.077735789,-0.234375,-0.3125,-0.02299943,-0.09375,-0.296875,-0.073693275,0.140625,-0.296875,-0.077687234,0.25,-0.171875,0.011938245,0.296875,0,0.11403399
110,Paul Pogba,Goal,Tom Heaton,-0.0625,0.328125,-0.079125226,-0.171875,0.125,0.143166006,-0.046875,0.015625,0.012149593,0.03125,-0.015625,-0.020026404,0.171875,0.140625,0.184851378,0.359375,0.34375,0.016811084,0,0,0,-0.1875,-0.1875,-0.012626896,-0.203125,-0.203125,-0.051886056,-0.265625,-0.359375,0.016834494,-0.125,-0.015625,0.090955831,-0.25,-0.03125,-0.040604997,-0.265625,-0.15625,-0.017018203,-0.109375,-0.234375,-0.032466527,-0.03125,-0.171875,-0.009742405,-0.046875,-0.015625,-0.053100944
111,Glenn Murray,Goal,Alex McCarthy,0.15625,0.3125,-0.048363153,0.109375,0.140625,0.173705801,0,0,-0.070641518,-0.015625,-0.015625,0.067859709,0.03125,0.15625,0.22040005,0.03125,0.3125,-0.006425921,0,0,0,0.078125,-0.234375,-0.024714183,0.09375,-0.25,-0.060653422,0.171875,-0.375,-0.058257747,0.046875,0.03125,0.014476525,0.015625,-0.078125,-0.101180248,0.03125,-0.234375,-0.063651487,0.140625,-0.234375,-0.015322642,0.1875,-0.234375,0.057354823,0.234375,-0.21875,0.080818035
112,Junior Stanislas,Goal,Jack Butland,,,,,,,,,,,,,,,,,,,,,,,,,,,,,,,,,,,,,,,,,,,,,,,,
113,Jamie Vardy,Goal,Mathew Ryan,0.203125,0.40625,0.067554906,0.09375,0.203125,0.215130001,0.0625,0,0.017087303,-0.03125,-0.015625,-0.024698412,0.046875,0.234375,0.129872054,0.171875,0.40625,0.092252493,0,0,0,-0.234375,-0.15625,-0.020544766,-0.234375,-0.15625,-0.054765362,-0.296875,-0.265625,-0.144127294,0.015625,-0.109375,0.092899241,-0.046875,-0.171875,0.0628094,-0.234375,-0.171875,2.26E-05,-0.25,-0.140625,-0.099440075,-0.234375,-0.078125,-0.123695001,-0.1875,-0.0625,-0.115177386
114,Jamie Vardy,Goal,Jonas Lössl,,,,,,,,,,,,,,,,,,,,,,,,,,,,,,,,,,,,,,,,,,,,,,,,
115,Pierre-Emerick Aubameyang,Goal,Hugo Lloris,-0.328125,0.34375,0.06402649,-0.203125,0.171875,0.11643479,-0.0625,0,0.006359186,0.078125,0.015625,0.00216975,0.09375,0.25,0.125830173,0.0625,0.328125,-0.006525531,0,0,0,0,-0.296875,-0.028325865,0,-0.265625,-0.086092792,0.03125,-0.4375,-0.069857299,-0.171875,-0.09375,-0.0536961,-0.203125,-0.203125,-0.005327452,-0.125,-0.296875,-0.048857298,0.140625,-0.296875,-0.050226111,0.171875,-0.171875,-0.02652774,0.171875,-0.125,-0.036396276
116,Harry Kane,Goal,Bernd Leno,-0.0625,0.328125,-0.21547696,-0.03125,0.109375,-0.128882438,-0.015625,0,-0.041789688,0.0625,0.015625,-0.006880374,0.046875,0.109375,-0.115270995,0.0625,0.3125,-0.291508973,0,0,0,0.046875,-0.203125,0.023885826,0.03125,-0.203125,0.062800787,0.09375,-0.34375,0.10890118,0.078125,-0.28125,-0.006870494,-0.015625,-0.1875,-0.006050508,0.046875,-0.21875,0.077909715,0.03125,-0.234375,0.022262415,-0.109375,-0.15625,0.09395694,-0.09375,-0.1875,0.045186844
117,Jamie Vardy,Goal,Orestis Karnezis,,,,,,,,,,,,,,,,,,,,,,,,,,,,,,,,,,,,,,,,,,,,,,,,
118,Glenn Murray,Goal,Joe Hart,0.046875,0.34375,-0.16338107,-0.171875,0.109375,-0.107483946,-0.046875,0.03125,-0.006587643,0.078125,-0.015625,0.000551099,0.34375,0.21875,0.041382357,0.421875,0.421875,-0.003029416,0,0,0,-0.0625,-0.234375,-0.040744182,-0.078125,-0.265625,-0.08831723,-0.109375,-0.453125,-0.05294678,-0.328125,0.125,-0.03726726,-0.265625,-0.03125,-0.000303969,-0.21875,-0.21875,-0.102444135,0.078125,-0.265625,-0.043538481,0.234375,-0.15625,-0.016455919,0.3125,0.046875,-0.07352493
119,Luka Milivojević,Saved,Ederson Santana de Moraes,-0.0625,0.359375,-0.03020289,0,0.265625,0.140772268,0,-0.03125,-0.016895715,-0.0625,0.203125,-0.007763902,0.109375,0.09375,0.205456883,-0.03125,0.359375,-0.13205342,0,0,0,0,-0.21875,-0.040408134,0,-0.234375,-0.078538053,0.0625,-0.375,-0.036502466,0.03125,-0.03125,0.073116019,-0.203125,-0.171875,-0.050423741,-0.09375,-0.25,-0.052343741,0.09375,-0.21875,-0.035935305,-0.234375,-0.171875,0.031025438,-0.234375,-0.09375,0.078643173
120,Mark Noble,Goal,Ben Foster,-0.234375,0.265625,-0.00369123,-0.1875,-0.015625,0.194699287,-0.0625,0,-0.015182126,0.046875,0,0.00419403,0.046875,0.09375,0.320395678,0.015625,0.171875,0.231918097,0,0,0,-0.015625,-0.296875,-0.047785647,-0.015625,-0.328125,-0.094702631,-0.015625,-0.484375,-0.054018658,-0.15625,-0.109375,-0.041187577,-0.25,-0.140625,-0.046210494,-0.15625,-0.296875,-0.059038561,0.109375,-0.28125,-0.084982291,0.21875,-0.15625,-0.098040119,0.3125,-0.15625,-0.072967798
121,Wayne Mark Rooney,Saved,Joe Hart,0.171875,0.21875,0.189093024,0.21875,0.078125,0.049882229,-0.015625,0,-0.048537511,0.03125,0,0.042718843,0.203125,0.015625,0.289325029,0.171875,0.171875,0.22370398,0,0,0,0.171875,-0.265625,-0.017479323,0.15625,-0.25,-0.048500199,0.25,-0.390625,-0.031882048,0.1875,-0.109375,-0.079978041,0.359375,-0.140625,-0.000135577,0.09375,-0.25,-0.090561636,0.25,-0.25,-0.010634255,0.3125,-0.15625,0.03676568,0.375,-0.140625,0.080530576
122,Manuel Lanzini,Saved,Jordan Pickford,,,,,,,,,,,,,,,,,,,,,,,,,,,,,,,,,,,,,,,,,,,,,,,,
123,Jordan Ayew,Goal,Adrián San Miguel del Castillo,0.390625,0.375,0.036500126,0.265625,0.15625,0.21623674,0.078125,0,-0.019092435,-0.09375,0.015625,0.014788334,-0.203125,0.078125,0.276694566,-0.1875,0.34375,0.122165225,0,0,0,0.015625,-0.21875,0.06507615,0.015625,-0.203125,0.107707582,0.015625,-0.328125,0.137405261,0.40625,0.03125,0.046075016,0.265625,-0.09375,0.046703264,0.140625,-0.234375,0.11601451,-0.109375,-0.21875,0.145421997,-0.21875,-0.03125,0.114680462,-0.3125,0.15625,0.109332815
124,Luka Milivojević,Goal,Rui Pedro dos Santos Patrício,0.0625,0.28125,-0.228486434,-0.125,0.125,0.022691736,-0.078125,0.015625,-0.000826685,0.078125,-0.015625,-0.01344355,0.21875,0.1875,0.064054176,0.359375,0.375,0.047849376,0,0,0,-0.046875,-0.265625,-0.024677951,-0.046875,-0.28125,-0.078250811,-0.03125,-0.46875,-0.08757785,-0.203125,0.046875,0.029026182,-0.21875,-0.171875,-0.003975141,-0.203125,-0.234375,-0.068256676,0.09375,-0.28125,-0.04996445,0.1875,-0.171875,-0.036545623,0.28125,-0.046875,0.006703333
125,Alexis Alejandro Sánchez Sánchez,Saved,Jonas Lössl,0.5,0.375,0.107499883,-0.125,0.09375,0.271634609,-0.078125,-0.015625,-0.026219767,0.0625,0.015625,0.016516138,0.0625,0.1875,0.267503053,-0.015625,0.15625,0.238866493,0,0,0,0.09375,-0.25,-0.024155077,0.09375,-0.234375,-0.093808219,0.15625,-0.34375,-0.043561056,-0.265625,0.09375,-0.078266405,-0.125,-0.15625,-0.022427058,-0.015625,-0.265625,-0.030780584,0.171875,-0.21875,-0.030516211,0.1875,-0.109375,0.093391448,0.234375,-0.015625,0.062019899
126,Joshua King,Goal,Kasper Schmeichel,0.09375,0.1875,0.230753094,0.09375,0.109375,0.250824153,-0.03125,0,-0.029492799,0.03125,0,0.022825297,0.125,0.125,0.269370645,0.1875,0.28125,0.076718688,0,0,0,-0.046875,-0.1875,-0.044107206,-0.046875,-0.1875,-0.118566953,0.015625,-0.359375,-0.074160196,-0.15625,0.21875,-0.166822404,-0.234375,0.0625,-0.115249686,-0.125,-0.15625,-0.124530554,0.015625,-0.203125,-0.050397046,0.0625,-0.09375,0.062989458,0.09375,-0.0625,0.028299656
127,Luka Milivojević,Saved,Jordan Pickford,-0.375,0.4375,-0.026481805,-0.21875,0.203125,0.10645473,-0.046875,-0.03125,-0.009232644,0.078125,0.046875,-0.018860392,0.3125,0.109375,0.224700555,-0.359375,0.453125,-0.050705086,0,0,0,0.21875,-0.1875,-0.022560859,0.234375,-0.25,-0.043387074,0.25,-0.359375,-0.037246533,-0.15625,0.015625,-0.0378091,-0.078125,-0.125,-0.040102284,0.09375,-0.25,-0.09540955,0.203125,-0.171875,-0.076679453,0.140625,-0.09375,0.051280789,0.015625,0.0625,-0.133306101
128,Joshua King,Goal,Martin Dúbravka,-0.1875,0.265625,0.07092993,-0.140625,0.109375,0.169419348,-0.03125,0,0.04698848,0.03125,0,-0.037064239,-0.125,0.109375,0.03488097,-0.046875,0.25,0.009078512,0,0,0,-0.0625,-0.203125,0.005466928,-0.0625,-0.234375,-0.033460412,-0.015625,-0.375,-0.105703585,-0.359375,-0.046875,0.017786151,-0.265625,-0.140625,0.044939525,-0.1875,-0.25,0.027563218,0.03125,-0.203125,-0.045928288,0.109375,-0.125,-0.08570528,-0.140625,-0.203125,-0.071728468
129,Eden Hazard,Goal,Petr Čech,-0.15625,0.390625,0.014264937,-0.140625,0.15625,0.075932682,-0.0625,-0.015625,-0.001755978,0.046875,0,0.012528736,-0.046875,0.1875,0.086764835,0,0.390625,0.125477806,0,0,0,0.03125,-0.1875,-0.022381812,0.03125,-0.203125,-0.044509877,0.0625,-0.34375,-0.055601459,-0.1875,-0.078125,0.109161496,-0.140625,-0.203125,-0.010865653,-0.046875,-0.234375,-0.010674113,0.109375,-0.203125,-0.057831477,0.171875,-0.125,0.011609856,0.109375,-0.03125,-0.053427886
130,Aboubakar Kamara,Saved,Jonas Lössl,-0.46875,0.359375,0.028751446,-0.21875,0.1875,0.170564041,-0.0625,-0.03125,-0.010999848,0.0625,0.03125,0.004009449,0.140625,0.15625,0.263020992,-0.0625,0.328125,0.004833922,0,0,0,0.109375,-0.21875,-0.008310004,0.125,-0.25,-0.047849968,0.1875,-0.40625,0.02364702,-0.109375,-0.140625,0.063626952,-0.03125,-0.140625,-0.002748357,0.015625,-0.25,-0.029209824,0.21875,-0.1875,-0.004531328,0.25,-0.03125,0.04821822,0.28125,0.109375,-0.007821687
131,Wayne Mark Rooney,Goal,Simon Mignolet,-0.375,0.421875,-0.008210562,-0.203125,0.234375,0.180884078,-0.0625,-0.015625,-0.027992379,0.078125,0.03125,0.020834183,0.0625,0.296875,-0.030221589,-0.390625,0.4375,-0.034549389,0,0,0,0.046875,-0.1875,-0.063278049,0.046875,-0.171875,-0.133407235,-0.015625,-0.296875,-0.001641702,-0.296875,-0.109375,-0.021535832,-0.1875,-0.1875,-0.014607809,-0.03125,-0.203125,-0.087107845,0.109375,-0.171875,-0.105324008,0.234375,-0.078125,-0.040246341,-0.03125,0.40625,-0.062333398
132,Luka Milivojević,Goal,Asmir Begović,,,,,,,,,,,,,,,,,,,,,,,,,,,,,,,,,,,,,,,,,,,,,,,,
133,Christian Benteke Liolo,Saved,Asmir Begović,,,,,,,,,,,,,,,,,,,,,,,,,,,,,,,,,,,,,,,,,,,,,,,,
134,Luka Milivojević,Goal,Sergio Rico González,-0.203125,0.25,0.000439438,-0.140625,0.109375,0.18152146,-0.046875,0,0.01433087,0.046875,-0.015625,-0.020047981,-0.03125,0.140625,0.051921334,-0.140625,0.296875,-0.08930853,0,0,0,-0.078125,-0.1875,-0.011122924,-0.078125,-0.21875,-0.041588206,-0.140625,-0.359375,-0.026166148,-0.203125,0.03125,-0.004615458,-0.1875,-0.0625,-0.003294719,-0.140625,-0.1875,-0.026958454,0,-0.203125,-0.03634404,0.109375,-0.09375,-0.054885354,0.140625,0.0625,-0.111993589
135,Christian Benteke Liolo,Goal,Ben Hamer,-0.40625,0.296875,-0.005473497,0.03125,0.09375,0.289860189,-0.015625,0,-0.031761669,-0.03125,0,0.027516957,-0.15625,0.0625,0.280206561,-0.421875,0.21875,0.172065094,0,0,0,0.125,-0.21875,-0.013126002,0.15625,-0.234375,-0.04510181,0.25,-0.359375,-0.050411064,0.015625,-0.0625,-0.022156488,-0.015625,-0.140625,-0.075253114,0.09375,-0.234375,-0.04875081,0.15625,-0.203125,-0.016617924,0.125,-0.109375,0.059853762,0.0625,-0.03125,0.041758452
136,Gylfi Þór Sigurðsson,Saved,Ben Foster,0.015625,0.21875,0.004943004,-0.125,0.078125,-0.019440489,-0.0625,0,0.004358279,0.046875,0.015625,-0.015528845,0.21875,0.15625,0.206067622,0.078125,0.125,0.008492284,0,0,0,0,-0.25,-0.01756713,0,-0.25,-0.048755378,0,-0.40625,-0.020281237,-0.234375,-0.25,-0.118756756,-0.21875,-0.171875,-0.00762513,-0.109375,-0.25,-0.011352884,0.09375,-0.25,-0.018929983,0.1875,-0.171875,-0.015372442,0.1875,-0.140625,-0.040564209
137,Callum Paterson,Goal,David de Gea Quintana,-0.0625,0.265625,-0.03211901,-0.1875,0.125,0.048349511,-0.046875,0,0.025772614,0.03125,0,-0.022108916,0.0625,0.1875,-0.00580419,0.234375,0.34375,-0.06849172,0,0,0,-0.078125,-0.1875,-0.036768705,-0.09375,-0.21875,-0.077251449,-0.15625,-0.359375,-0.066911094,-0.140625,0.078125,-0.016737042,-0.109375,-0.0625,0.062846981,-0.140625,-0.203125,-0.042968955,-0.015625,-0.203125,-0.097149231,0.0625,-0.0625,-0.055506002,0.109375,0.078125,-0.081740685
138,Jesse Lingard,Goal,Neil Leonard Dula Etheridge,-0.234375,0.3125,-0.026492985,-0.21875,0.109375,0.274759024,-0.015625,0,0.05525266,0,0,-0.064374849,-0.28125,0.078125,0.144925416,0.28125,0.375,-0.000566932,0,0,0,-0.140625,-0.1875,-0.016482612,-0.15625,-0.203125,-0.015116053,-0.25,-0.34375,-0.065048091,-0.140625,0.015625,0.228831992,-0.09375,-0.203125,0.102145627,-0.109375,-0.21875,0.008025078,-0.171875,-0.171875,-0.0633239,-0.140625,-0.046875,-0.120974198,-0.1875,0,-0.011384573
139,Luka Milivojević,Goal,Karl Darlow,,,,,,,,,,,,,,,,,,,,,,,,,,,,,,,,,,,,,,,,,,,,,,,,
140,Jay Rodriguez,Goal,Petr Čech,-0.015625,-0.46875,0.467751503,0.046875,-0.09375,0.161302775,-0.046875,0,-0.006640608,0,0,0.017086029,-0.015625,-0.0625,0.258915454,-0.0625,0.296875,-0.109607138,0,0,0,-0.0625,-0.28125,-0.037203539,-0.046875,-0.28125,-0.109221369,-0.078125,-0.421875,-0.153065085,0,-0.5,0.025290303,0,-0.5,-0.055095684,-0.03125,-0.328125,-0.067740373,-0.125,-0.21875,-0.113096096,-0.09375,-0.234375,-0.021615483,-0.03125,-0.34375,0.024394922
141,Harry Kane,Goal,Mathew Ryan,0.15625,0.234375,-0.034357831,0.234375,0.046875,0.287259758,0.015625,0,-0.030863941,0.046875,-0.328125,-0.005722331,-0.0625,0.140625,0.233210728,-0.21875,0.3125,0.019762171,0,0,0,-0.015625,-0.140625,-0.072900094,0,-0.125,-0.178923666,-0.140625,-0.171875,-0.190974012,0.1875,-0.15625,0.028911091,0.15625,-0.125,-0.091299988,0.03125,-0.21875,-0.115516618,-0.078125,-0.046875,-0.145096511,-0.078125,0.078125,-0.004914959,0.078125,-0.21875,0.038239315
142,Troy Deeney,Goal,David de Gea Quintana,-0.40625,0.34375,0.117716484,-0.171875,0.171875,0.267676443,-0.078125,0,-0.014121424,0.0625,0.015625,0.011338395,0.15625,0.078125,0.182783037,0.046875,0.34375,0.006879634,0,0,0,0.046875,-0.265625,-0.027084133,0.046875,-0.3125,-0.066691659,0.09375,-0.453125,-0.054904122,-0.203125,0.0625,-0.071061365,-0.171875,-0.109375,-0.022160366,-0.09375,-0.265625,-0.05860126,0.171875,-0.25,-0.030286826,0.203125,-0.0625,0.008160738,0.25,0.09375,-0.052983988
143,Paul Pogba,Goal,Łukasz Fabiański,-0.265625,0.296875,0.101961553,-0.0625,0.171875,0.085280992,-0.015625,0,0.001129911,-0.046875,-0.015625,-0.000994933,-0.078125,0.140625,0.138642192,-0.234375,0.28125,0.022969183,0,0,0,-0.046875,-0.21875,-0.032757714,-0.046875,-0.21875,-0.05876033,-0.15625,-0.328125,-0.103150174,-0.15625,0.015625,-0.00675579,0.046875,0.25,-0.157906935,-0.109375,-0.203125,-0.006426403,0.015625,-0.234375,-0.011612703,0.125,-0.171875,0.003746098,0,-0.078125,-0.036851212
144,Paul Pogba,Goal,Łukasz Fabiański,0.203125,0.375,-0.063457161,0.0625,0.1875,0.023863731,-0.046875,0,-0.034601562,0.046875,-0.03125,0.032288983,0.171875,0.171875,0.097583942,0.234375,0.328125,0.058671772,0,0,0,0.0625,-0.15625,-0.03496699,0.078125,-0.171875,-0.096001156,0.1875,-0.296875,-0.081088811,-0.203125,0.046875,-0.119270496,-0.15625,-0.109375,-0.069287084,0.015625,-0.171875,-0.088526681,0.125,-0.15625,-0.052532427,0.015625,-0.125,0.07306809,0.078125,-0.046875,0.02994738
145,Pascal Groß,Goal,Hugo Lloris,0.09375,0.34375,-0.024221456,0.15625,0.21875,0.046505239,0.015625,0,-0.04742986,-0.03125,-0.03125,0.041842833,0.0625,-0.359375,0.195221245,0.15625,0.328125,0.118173301,0,0,0,0.15625,-0.09375,-0.03099253,0.15625,-0.09375,-0.048799936,0.25,-0.21875,-0.109132752,0.015625,0.0625,-0.07811071,0.046875,-0.015625,-0.130105391,0.1875,-0.078125,-0.083499804,0.140625,-0.09375,-0.017502101,0.078125,0,0.043655127,0.25,-0.046875,0.010630241
146,Raheem Shaquille Sterling,Goal,Heurelho da Silva Gomes,0.375,0.34375,-0.120867141,0.1875,0.171875,-0.162713021,-0.03125,0.015625,-0.001958273,-0.015625,0.015625,-0.003443043,0.28125,0.203125,-0.079044484,0.28125,0.3125,0.008294998,0,0,0,-0.09375,-0.25,-0.037020281,-0.0625,-0.328125,-0.153542086,-0.109375,-0.375,-0.161442652,0.25,-0.09375,-0.223261639,-0.09375,-0.125,0.012505176,-0.203125,-0.21875,-0.076481156,0.015625,-0.3125,-0.080776215,-0.03125,-0.046875,0.037723437,0.03125,0.078125,-0.088096917
147,Nathaniel Mendez-Laing,Goal,David de Gea Quintana,0.359375,0.375,0.016447952,-0.046875,0.140625,0.245200008,-0.046875,0.03125,-0.022884261,0.03125,0,0.002880954,0.1875,0.1875,0.111944497,0,0.375,0.0057526,0,0,0,-0.046875,-0.25,-0.001752031,-0.0625,-0.296875,-0.038771052,0.09375,-0.453125,-0.045742124,-0.28125,0.125,-0.012087868,-0.25,-0.046875,-0.021672802,-0.1875,-0.234375,0.012716563,0.0625,-0.234375,-0.052029107,0.21875,-0.1875,-0.040120013,-0.296875,0.125,0.063333452
148,Riyad Mahrez,Off T,Alisson Ramsés Becker,-0.15625,0.34375,-0.076185472,-0.1875,0.125,0.007113784,-0.078125,0,-0.01274611,0.0625,-0.015625,0.000812998,0.171875,0.125,0.058079317,0.375,0.359375,0.006723257,0,0,0,-0.03125,-0.25,-0.034548115,-0.03125,-0.265625,-0.086682342,0,-0.453125,-0.078462861,-0.203125,0.078125,-0.06383501,-0.1875,-0.0625,-0.050580565,-0.140625,-0.234375,-0.050547313,0.09375,-0.25,-0.06737645,0.21875,-0.125,-0.033961486,0.3125,0.03125,-0.003835165
149,Dušan Tadić,Goal,Joe Hart,,,,,,,,,,,,,,,,,,,,,,,,,,,,,,,,,,,,,,,,,,,,,,,,
150,Charlie Austin,Goal,Joe Hart,,,,,,,,,,,,,,,,,,,,,,,,,,,,,,,,,,,,,,,,,,,,,,,,
151,Sergio Leonel Agüero del Castillo,Goal,Nick Pope,,,,,,,,,,,,,,,,,,,,,,,,,,,,,,,,,,,,,,,,,,,,,,,,
152,Joshua King,Goal,Rui Pedro dos Santos Patrício,-0.28125,0.296875,0.013822868,-0.125,0.140625,0.105009653,0,0.03125,-0.026844773,0.015625,0.03125,0.027845338,0.25,0.0625,0.203890711,0.03125,0.21875,0.165103123,0,0,0,0.078125,-0.21875,-0.027499247,0.109375,-0.234375,-0.053840354,0.21875,-0.296875,-0.051020391,0.09375,-0.09375,-0.083294556,0.078125,-0.0625,-0.104156591,0.0625,-0.234375,-0.122296833,0.109375,-0.234375,-0.015177395,-0.109375,0,0.039025255,-0.09375,0.03125,-7.54E-05
153,Raúl Alonso Jiménez Rodríguez,Goal,Artur Boruc,,,,,,,,,,,,,,,,,,,,,,,,,,,,,,,,,,,,,,,,,,,,,,,,
154,Joshua King,Post,Rui Pedro dos Santos Patrício,,,,,,,,,,,,,,,,,,,,,,,,,,,,,,,,,,,,,,,,,,,,,,,,
155,Glenn Murray,Off T,Nick Pope,-0.171875,0.265625,-0.025017144,-0.3125,0.0625,0.206283137,-0.0625,0,0.045806199,0.03125,0,-0.02265474,-0.3125,0.078125,0.173719332,0.25,0.265625,0.158040076,0,0,0,-0.1875,-0.21875,-0.015998704,-0.1875,-0.234375,-0.046383388,-0.109375,-0.21875,0.002796099,-0.15625,-0.046875,0.164318025,-0.125,-0.125,0.172396451,-0.234375,-0.21875,-0.007334346,-0.09375,-0.25,-0.056627873,-0.046875,-0.265625,-0.093933381,-0.0625,-0.25,-0.183185875
156,Romelu Lukaku Menama,Saved,Kasper Schmeichel,-0.140625,0.21875,0.009634341,-0.046875,0.109375,0.176098049,0.046875,0.03125,-0.020171698,-0.0625,-0.015625,0.012130032,-0.203125,0.078125,0.125502199,-0.390625,0.1875,-0.012714763,0,0,0,0.171875,-0.203125,0.008027349,0.1875,-0.265625,0.013936161,0.21875,-0.375,0.005591062,0.234375,0.078125,-0.016582049,0.109375,-0.109375,0.03663798,0.234375,-0.171875,0.033149987,0.0625,-0.234375,-0.01596754,-0.015625,-0.140625,0.082089841,-0.0625,-0.046875,0.138973042
157,Luka Milivojević,Goal,Ederson Santana de Moraes,-0.484375,0.28125,0.146372885,-0.21875,0.109375,0.240851536,-0.046875,-0.03125,-0.021800466,0.046875,0.015625,0.022409299,0.109375,0.171875,0.102610275,-0.09375,0.265625,0.038573716,0,0,0,0.15625,-0.203125,6.62E-05,0.15625,-0.1875,-0.036322005,0.15625,-0.28125,0.008012117,-0.125,-0.125,-0.125160694,-0.078125,-0.265625,-0.05931164,0.078125,-0.21875,-0.007737315,0.25,-0.1875,-0.047206733,-0.078125,-0.265625,0.039289709,-0.109375,-0.140625,-0.036244299
158,Callum Wilson,Saved,Neil Leonard Dula Etheridge,-0.328125,0.234375,0.046778355,-0.21875,0.09375,0.166421071,-0.078125,-0.015625,-0.0121996,0.078125,0.015625,0.005411219,0.171875,0.078125,-0.03361791,0,0.3125,-0.225733295,0,0,0,0.046875,-0.25,-0.055148341,0.046875,-0.234375,-0.108276419,0.125,-0.390625,-0.067251191,-0.15625,-0.046875,-0.052605759,-0.15625,-0.15625,-0.050200816,-0.0625,-0.265625,-0.088970505,0.15625,-0.25,-0.065916806,0.265625,-0.140625,-0.016032634,0.28125,-0.09375,-0.025003053
159,Troy Deeney,Goal,Petr Čech,0.234375,0.328125,0.110642575,0.0625,0.234375,0.183173671,0.03125,-0.03125,-0.009549884,-0.015625,0,0.007440331,0.0625,0.21875,0.134376451,0.09375,0.421875,0.031177666,0,0,0,-0.125,-0.171875,0.003159434,-0.171875,-0.1875,0.039950565,0.046875,-0.328125,0.033671923,0.09375,-0.078125,0.053523954,-0.078125,-0.078125,0.028158313,-0.109375,-0.1875,-0.023276571,-0.203125,-0.140625,0.072793663,-0.15625,0.015625,0.020802146,-0.265625,0.015625,0.164640576
160,Ashley Barnes,Goal,Alex McCarthy,-0.109375,0.3125,-0.062472641,0.03125,0.171875,-0.121765994,-0.046875,0.015625,-0.03740824,0.046875,0,0.040569611,0.171875,0.140625,0.06119699,0.109375,0.265625,0.037842251,0,0,0,0.046875,-0.140625,-0.021553125,0.0625,-0.15625,-0.05807808,0.171875,-0.25,-0.027091727,0.109375,0.09375,-0.063711002,-0.046875,-0.09375,-0.105692811,0,-0.140625,-0.089352302,0.09375,-0.15625,0.005189881,0.109375,-0.09375,0.097129434,0.09375,-0.03125,0.099594012
161,Daniel William John Ings,Goal,Jonas Lössl,,,,,,,,,,,,,,,,,,,,,,,,,,,,,,,,,,,,,,,,,,,,,,,,
162,Luka Milivojević,Goal,Kasper Schmeichel,0.078125,0.265625,-0.016610337,-0.078125,0.140625,0.317443758,-0.046875,0.015625,-0.004038326,0.046875,-0.015625,0.01092913,0.1875,0.078125,0.201793358,0.328125,0.1875,0.140229255,0,0,0,-0.046875,-0.21875,-0.008246629,-0.03125,-0.21875,-0.044466913,-0.0625,-0.359375,-0.041726083,-0.359375,-0.046875,0.006519792,-0.234375,-0.140625,0.005647139,-0.125,-0.21875,-0.029692018,0.046875,-0.234375,-0.046412066,0.140625,-0.171875,-0.037832186,0.15625,-0.140625,-0.120530561
163,Jamie Vardy,Saved,Simon Mignolet,0.234375,0.375,0.055199709,0.1875,0.15625,0.237575635,0.09375,0,-0.003824315,-0.078125,0,0.000425444,-0.21875,0.21875,0.223173752,-0.296875,0.46875,-0.016815064,0,0,0,-0.015625,-0.25,0.040707137,-0.03125,-0.265625,0.106332153,-0.078125,-0.40625,0.041404851,0.3125,-0.03125,0.133763149,0.21875,-0.171875,0.086566389,0.09375,-0.265625,0.087204523,-0.125,-0.25,0.071461692,-0.25,-0.15625,0.035512406,-0.34375,-0.0625,0.074136451
164,Daniel William John Ings,Goal,Ederson Santana de Moraes,-0.109375,0.375,0.041487973,-0.25,0.171875,0.065200381,-0.046875,0.03125,-0.001582495,0.046875,0.015625,-0.014580471,0.109375,0.1875,0.325512022,0.09375,0.265625,0.200738803,0,0,0,-0.109375,-0.234375,-0.036434378,-0.109375,-0.203125,-0.117224596,-0.171875,-0.34375,-0.112959832,-0.21875,0.109375,-0.051300436,-0.21875,-0.03125,-0.011207383,-0.234375,-0.1875,-0.050504092,0.015625,-0.265625,-0.074553624,0.15625,-0.171875,-0.036335398,0.28125,-0.078125,-0.052669168
165,Jorge Luiz Frello Filho,Goal,Ben Hamer,0.390625,0.40625,0.011004481,0.25,0.15625,0.17724292,0.03125,0.015625,-0.023289619,0.03125,-0.015625,0.027433734,0.1875,0.15625,0.2538957,0.375,0.25,0.103996426,0,0,0,-0.03125,-0.203125,-0.007320311,0.0625,-0.296875,-0.056627136,0.09375,-0.421875,-0.083281107,0.171875,0.015625,-0.021456819,0.046875,-0.15625,-0.17320466,0,-0.234375,-0.108963422,0.03125,-0.28125,0.008973185,0.09375,-0.140625,-0.005658941,0.140625,-0.046875,0.036246784
166,Glenn Murray,Goal,Simon Mignolet,-0.25,0.296875,0.052622315,-0.125,0.1875,-0.055881176,0.03125,0.03125,-0.046216894,-0.015625,0,0.056249332,-0.15625,0.09375,0.098077096,-0.265625,0.3125,0.079826675,0,0,0,0.125,-0.09375,-0.005265265,0.140625,-0.09375,-0.008762381,0.296875,0.0625,0.004436821,0.109375,0.234375,0.056675047,0.109375,0.125,0.014796123,0.1875,-0.09375,-0.016477002,0.125,-0.140625,0.027083166,0.046875,-0.078125,0.02140576,0.109375,-0.15625,-0.015825409
167,Troy Deeney,Saved,Petr Čech,,,,,,,,,,,,,,,,,,,,,,,,,,,,,,,,,,,,,,,,,,,,,,,,
168,Glenn Murray,Goal,Łukasz Fabiański,-0.1875,0.34375,-0.02487646,-0.140625,0.15625,0.180736512,-0.0625,0,0.039344855,0.046875,0,-0.035125792,-0.078125,0.171875,0.068023786,-0.15625,0.34375,-0.074131712,0,0,0,-0.140625,-0.15625,-0.040689219,-0.15625,-0.171875,-0.085304871,-0.296875,-0.28125,-0.173551857,-0.109375,0.015625,0.090161204,-0.0625,-0.09375,0.113671213,-0.140625,-0.21875,-0.02700245,-0.125,-0.15625,-0.112933688,0.09375,0.015625,-0.129771799,0.140625,0.140625,-0.115348436
169,Luka Milivojević,Goal,Martin Dúbravka,-0.375,0.265625,0.008046737,-0.28125,0.171875,0.076742351,-0.109375,0.140625,-0.014878346,0.046875,0.015625,0.026273197,0.21875,0.109375,0.187580884,0.125,0.28125,0.110214218,0,0,0,0.0625,-0.046875,-0.010948794,0.046875,-0.03125,-0.054839216,0.140625,-0.078125,-0.027220085,0.203125,-0.25,-0.12901929,0.140625,-0.1875,-0.110421836,0.0625,-0.09375,-0.070504874,0.109375,-0.03125,-0.025182405,0.21875,0.109375,0.010122385,0.21875,-0.25,-0.252066106
170,Troy Deeney,Saved,Martin Dúbravka,,,,,,,,,,,,,,,,,,,,,,,,,,,,,,,,,,,,,,,,,,,,,,,,
171,Mark Noble,Goal,Jonas Lössl,-0.40625,0.34375,0.006346681,-0.25,0.203125,0.199438363,-0.078125,-0.03125,-0.023494365,0.078125,0.015625,0.012381131,0.109375,0.125,-0.016801713,-0.078125,0.40625,-0.16058144,0,0,0,0.109375,-0.234375,-0.046545748,0.109375,-0.25,-0.12197046,0.15625,-0.421875,-0.04510247,0.046875,-0.09375,-0.078827769,-0.078125,-0.15625,-0.094905056,0,-0.28125,-0.054237209,0.234375,-0.21875,-0.047613509,0.25,-0.046875,0.023208447,0.25,0.140625,-0.092950851
172,Saido Berahino,Saved,Fraser Forster,,,,,,,,,,,,,,,,,,,,,,,,,,,,,,,,,,,,,,,,,,,,,,,,
173,Luka Milivojević,Goal,Joe Hart,0.0625,0.28125,-0.038566556,0.171875,0.125,0.077880733,-0.03125,0,-0.020358037,0.0625,0.03125,0.023547618,-0.140625,0.171875,0.125247627,-0.34375,0.296875,-0.067601852,0,0,0,0.125,-0.125,0.042730026,0.125,-0.125,0.07205794,0.34375,-0.203125,-0.031149566,0.109375,-0.0625,-0.081036597,0.15625,-0.078125,-0.127155781,0.078125,-0.15625,-0.012353074,0.171875,-0.171875,0.017135583,0.109375,-0.140625,0.077968493,0.0625,-0.140625,-0.050512891
174,Alexis Alejandro Sánchez Sánchez,Goal,Nick Pope,,,,,,,,,,,,,,,,,,,,,,,,,,,,,,,,,,,,,,,,,,,,,,,,
175,Callum Wilson,Goal,Sergio Rico González,-0.34375,0.28125,0.040960319,-0.140625,0.15625,0.051763311,-0.046875,0.015625,-0.025850689,0.0625,0.015625,0.01684735,0.046875,0.125,0.167050064,0.109375,0.296875,0.135851309,0,0,0,0.140625,-0.203125,-0.005849348,0.15625,-0.21875,-0.044109575,0.25,-0.328125,-0.029579382,-0.078125,0,-0.033426858,-0.03125,-0.125,-0.085847378,0.0625,-0.21875,-0.024357263,0.28125,-0.1875,-0.014590582,0.328125,0.046875,0.007191681,0.125,-0.015625,0.090323523
176,Anthony Martial,Goal,Ederson Santana de Moraes,,,,,,,,,,,,,,,,,,,,,,,,,,,,,,,,,,,,,,,,,,,,,,,,
177,Leighton Baines,Goal,Julián Speroni,0.15625,0.265625,0.154909134,0.109375,0.078125,-0.082483307,0.0625,-0.015625,-0.015395243,-0.03125,0,0.006620976,0.09375,0.140625,0.08887665,-0.140625,0.375,-0.039650939,0,0,0,-0.03125,-0.078125,-0.028239021,-0.015625,-0.109375,-0.064926498,0.0625,0.0625,-0.058284495,0.046875,0,-0.041465521,0,-0.046875,-0.036725972,-0.078125,-0.109375,-0.091970123,-0.125,-0.046875,-0.062484253,0.15625,0.015625,0.049587213,-0.1875,-0.171875,-0.042424392
178,Sergio Leonel Agüero del Castillo,Goal,Jonas Lössl,0.359375,0.359375,0.014999717,-0.28125,0.03125,0.011473234,0,0,0.001819295,0.078125,-0.03125,-0.011355514,0.25,0.15625,0.265729338,0.328125,0.3125,0.035406359,0,0,0,-0.03125,-0.25,-0.032882169,-0.03125,-0.265625,-0.086160064,0.015625,-0.4375,-0.050756622,-0.015625,-0.125,-0.076072089,-0.25,-0.15625,-0.140632898,-0.15625,-0.265625,-0.064031325,0.078125,-0.234375,-0.06509345,0.125,-0.140625,-0.058708325,0.125,-0.09375,-0.108517937
179,Gylfi Þór Sigurðsson,Goal,Joe Hart,-0.3125,0.265625,-0.006406404,-0.125,0.140625,0.1194169,-0.03125,0,-0.052990753,0,0.015625,0.051307004,0.125,0.15625,0.146696746,0.03125,0.296875,0.083065487,0,0,0,0.0625,-0.03125,0.005266978,0.0625,-0.03125,0.015259735,0.171875,-0.0625,0.080816522,0.078125,0,-0.090800442,0.0625,-0.0625,-0.041296061,0.0625,-0.015625,-0.066493616,0.09375,0.015625,0.086181596,0.125,0.15625,0.056341112,0.125,-0.234375,-0.100654416
180,Rúben Diogo Da Silva Neves,Goal,Jordan Pickford,-0.359375,0.40625,-0.044254456,-0.25,0.21875,0.079382911,-0.078125,0,-0.016266251,0.078125,-0.015625,0.001845612,0.25,0.1875,0.053960674,0.40625,0.40625,-0.049303807,0,0,0,0.046875,-0.21875,-0.037103463,0.046875,-0.21875,-0.096569404,0.046875,-0.390625,-0.045085926,-0.265625,0.0625,-0.083204694,-0.1875,-0.109375,-0.05207191,-0.046875,-0.234375,-0.07224676,0.171875,-0.203125,-0.084870495,0.234375,-0.0625,-0.029856833,0.328125,0.078125,-0.043481443
181,James Maddison,Saved,Neil Leonard Dula Etheridge,-0.03125,0.28125,-0.068328038,-0.203125,0.0625,-0.029570628,-0.078125,0,-0.014322829,0.078125,-0.03125,0.01114393,0.296875,0.171875,0.106993087,0.421875,0.390625,0.009938338,0,0,0,0.015625,-0.265625,-0.036826439,0.015625,-0.296875,-0.073805265,0.03125,-0.453125,-0.04337525,-0.25,0,-0.070149027,-0.234375,-0.1875,-0.019762237,-0.140625,-0.28125,-0.065947965,0.140625,-0.25,-0.053630754,0.234375,-0.140625,-0.022486296,0.359375,-0.109375,-0.051044103
182,Luka Milivojević,Goal,Jordan Pickford,,,,,,,,,,,,,,,,,,,,,,,,,,,,,,,,,,,,,,,,,,,,,,,,