,match_id,minute,team_id,team_name,player_id,player_name,shot_body_part_name,shot_technique_name,shot_outcome_name,date,home_team,away_team,season,competition,gk_id,gk_name,0,1,2,3,4,5,6,7,8,9,10,11,12,13,14,15,16,17,18,19,20,21,22,23,24,25,26,27,28,29,30,31
0,14518,4,58,Cardiff City,9923,Bobby Reid,Right Foot,Normal,Goal,02/02/2019,Cardiff City,AFC Bournemouth,2018/2019,Premier League,20074,Artur Boruc,175.5,155.7421875,128.25,121.25390625,108.0,80.4375,101.25,87.08203125,54.0,123.46875,175.5,162.4921875,111.375,87.240234375,47.25,59.23828125,40.5,52.3828125,54.0,126.84375,81.0,93.515625,81.0,66.515625,54.0,52.59375,47.25,65.98828125,60.75,99.94921875,84.375,167.818359375
1,2034,73,33,Chelsea,3621,Eden Hazard,Right Foot,Lob,Goal,02/12/2017,Chelsea,Newcastle United,2017/2018,Premier League,3649,Karl Darlow,119.25,309.61328125,124.9375,269.8896484375,204.5625,191.5087890625,159.0625,179.4228515625,107.875,252.560546875,39.625,331.119140625,181.8125,179.7783203125,170.4375,94.2880859375,176.125,94.376953125,159.0625,42.9228515625,250.0625,243.4072265625,255.75,163.87109375,227.3125,106.5517578125,119.25,93.48828125,255.75,169.55859375,250.0625,266.1572265625
2,2126,41,24,Liverpool,3531,Mohamed Salah,Left Foot,Normal,Saved,28/10/2017,Liverpool,Huddersfield Town,2017/2018,Premier League,3322,Jonas Lössl,,,,,,,,,,,,,,,,,,,,,,,,,,,,,,,,
3,14298,74,28,AFC Bournemouth,3346,Joshua King,Right Foot,Normal,Goal,25/08/2018,AFC Bournemouth,Everton,2018/2019,Premier League,3468,Jordan Pickford,25.96875,325.85888671875,102.75,238.46484375,132.28125,168.05126953125,191.34375,174.88037109375,226.78125,228.59033203125,167.71875,304.44873046875,161.8125,174.4189453125,185.4375,92.1005859375,185.4375,92.1005859375,197.25,21.41015625,79.125,196.751953125,79.125,137.689453125,144.09375,85.54833984375,226.78125,98.65283203125,238.59375,163.80615234375,250.40625,193.52197265625
4,2331,89,29,Everton,3538,Wayne Mark Rooney,Right Foot,Normal,Goal,15/10/2017,Brighton & Hove Albion,Everton,2017/2018,Premier League,3240,Mathew Ryan,39.75,139.16796875,39.75,98.91796875,59.875,84.857421875,80.0,90.921875,51.25,107.72265625,42.625,142.087890625,71.375,87.912109375,65.625,67.697265625,65.625,67.697265625,22.5,23.8984375,13.875,92.763671875,25.375,67.068359375,39.75,38.54296875,85.75,76.63671875,88.625,99.681640625,88.625,122.681640625
5,14488,49,24,Liverpool,3531,Mohamed Salah,Left Foot,Normal,Goal,12/01/2019,Brighton & Hove Albion,Liverpool,2018/2019,Premier League,22358,David Button,42.625,126.603515625,45.1875,121.5185546875,60.5625,85.8837890625,45.1875,83.0810546875,14.4375,100.5380859375,34.9375,121.3583984375,52.875,85.763671875,32.375,39.318359375,29.8125,36.7158203125,14.4375,15.9755859375,83.625,68.306640625,58.0,55.09375,24.6875,41.7607421875,40.0625,36.8759765625,60.5625,55.1337890625,81.0625,70.8291015625
6,2223,76,35,Brighton & Hove Albion,3085,Glenn Murray,Right Foot,Normal,Saved,31/03/2018,Brighton & Hove Albion,Leicester City,2017/2018,Premier League,3815,Kasper Schmeichel,26.8125,376.9658203125,110.4375,322.5224609375,194.0625,226.2666015625,277.6875,241.5107421875,326.46875,304.99169921875,214.96875,407.78076171875,242.84375,227.02880859375,277.6875,130.0107421875,277.6875,116.0732421875,291.625,46.603515625,138.3125,253.2705078125,152.25,183.80078125,221.9375,129.1396484375,333.4375,130.8818359375,361.3125,207.9736328125,298.59375,200.02490234375
7,14534,64,39,Manchester United,20004,Paul Pogba,Right Foot,Normal,Goal,09/02/2019,Fulham,Manchester United,2018/2019,Premier League,6823,Sergio Rico González,41.75,279.68359375,151.34375,197.89599609375,193.09375,172.45458984375,177.4375,177.4287109375,120.03125,239.15673828125,46.96875,279.76513671875,193.09375,172.45458984375,213.96875,84.06201171875,240.0625,74.0322265625,271.375,27.552734375,224.40625,277.31884765625,292.25,189.66015625,245.28125,94.98876953125,172.21875,88.62841796875,151.34375,103.95849609375,146.125,98.658203125
8,14308,64,25,Southampton,3966,Charlie Austin,Right Foot,Normal,Saved,01/09/2018,Crystal Palace,Southampton,2018/2019,Premier League,3488,Wayne Hennessey,,,,,,,,,,,,,,,,,,,,,,,,,,,,,,,,
9,14563,41,40,West Ham United,3874,Mark Noble,Right Foot,Normal,Goal,02/03/2019,West Ham United,Newcastle United,2018/2019,Premier League,3711,Martin Dúbravka,710.4375,709.8505859375,144.71875,490.51123046875,236.8125,386.7001953125,394.6875,362.8544921875,552.5625,549.5087890625,684.125,696.283203125,315.75,374.77734375,223.65625,175.99462890625,223.65625,189.15087890625,184.1875,56.9716796875,39.46875,554.64794921875,131.5625,332.4306640625,105.25,213.61328125,328.90625,151.32666015625,434.15625,205.59619140625,381.53125,244.24267578125
10,14514,79,37,Newcastle United,3049,Matt Ritchie,Left Foot,Normal,Goal,29/01/2019,Newcastle United,Manchester City,2018/2019,Premier League,3067,Ederson Santana de Moraes,106.96875,181.76513671875,89.0,170.703125,89.0,134.765625,67.4375,141.6162109375,78.21875,174.12841796875,106.96875,192.54638671875,71.03125,141.67236328125,63.84375,51.71630859375,60.25,40.87890625,49.46875,4.77294921875,132.125,103.095703125,124.9375,74.2333984375,89.0,52.109375,42.28125,51.37939453125,17.125,90.517578125,24.3125,79.8486328125
11,2307,66,1,Arsenal,3451,Alexandre Lacazette,Right Foot,Normal,Goal,25/09/2017,Arsenal,West Bromwich Albion,2017/2018,Premier League,4053,Ben Foster,99.71875,302.99560546875,150.96875,233.32763671875,215.03125,195.89111328125,253.46875,247.74169921875,202.21875,240.53466796875,138.15625,297.18994140625,234.25,221.81640625,202.21875,106.00341796875,195.8125,86.6845703125,157.375,15.615234375,144.5625,207.6025390625,170.1875,169.5654296875,208.625,93.291015625,163.78125,105.40283203125,144.5625,156.3525390625,112.53125,232.72705078125
12,14410,11,22,Leicester City,10960,Jamie Vardy,Right Foot,Normal,Goal,01/12/2018,Leicester City,Watford,2018/2019,Premier League,4053,Ben Foster,,,,,,,,,,,,,,,,,,,,,,,,,,,,,,,,
13,14345,86,28,AFC Bournemouth,3463,Junior Stanislas,Right Foot,Normal,Goal,01/10/2018,AFC Bournemouth,Crystal Palace,2018/2019,Premier League,3488,Wayne Hennessey,25.125,173.830078125,65.34375,143.52099609375,80.8125,97.3564453125,105.5625,103.9306640625,111.75,134.96484375,130.3125,156.9111328125,93.1875,100.6435546875,114.84375,51.48193359375,117.9375,48.4365234375,130.3125,20.7861328125,62.25,97.06640625,80.8125,72.6064453125,102.46875,48.19482421875,133.40625,54.86572265625,114.84375,79.32568359375,114.84375,97.88818359375
14,14579,80,24,Liverpool,3473,James Philip Milner,Right Foot,Normal,Goal,17/03/2019,Fulham,Liverpool,2018/2019,Premier League,6823,Sergio Rico González,147.71875,231.99560546875,76.40625,179.94384765625,112.0625,160.1259765625,152.8125,150.5751953125,219.03125,182.17236328125,275.0625,239.0791015625,132.4375,160.4443359375,81.5,62.8671875,76.40625,67.88134765625,66.21875,6.59716796875,66.21875,123.75341796875,35.65625,82.52587890625,50.9375,72.5771484375,117.15625,53.23681640625,147.71875,89.37060546875,178.28125,94.94189453125
15,14596,51,32,Huddersfield Town,3281,Aaron Mooy,Right Foot,Normal,Goal,06/04/2019,Huddersfield Town,Leicester City,2018/2019,Premier League,3815,Kasper Schmeichel,71.875,145.248046875,46.875,110.482421875,81.25,89.14453125,93.75,83.08984375,46.875,113.607421875,162.5,152.9140625,90.625,86.166015625,56.25,45.00390625,53.125,44.955078125,34.375,16.537109375,25.0,75.765625,40.625,69.759765625,59.375,38.802734375,50.0,51.15625,40.625,72.884765625,37.5,75.9609375
16,14596,83,22,Leicester City,10960,Jamie Vardy,Right Foot,Normal,Goal,06/04/2019,Huddersfield Town,Leicester City,2018/2019,Premier League,4621,Ben Hamer,128.125,155.501953125,146.875,118.294921875,115.625,74.056640625,93.75,76.83984375,65.625,117.025390625,15.625,156.869140625,103.125,76.986328125,146.875,46.419921875,153.125,43.392578125,184.375,25.130859375,131.25,86.80078125,128.125,77.376953125,150.0,46.46875,137.5,36.8984375,125.0,39.828125,62.5,104.4765625
17,14312,24,35,Brighton & Hove Albion,3097,Pascal Groß,Right Foot,Normal,Saved,01/09/2018,Brighton & Hove Albion,Fulham,2018/2019,Premier League,12258,Marcus Bettinelli,118.5625,141.1962890625,80.59375,31.75927734375,73.0,56.953125,70.46875,56.91357421875,35.03125,89.26611328125,52.75,122.44921875,70.46875,56.91357421875,57.8125,54.1845703125,57.8125,54.1845703125,35.03125,25.98486328125,113.5,141.1171875,83.125,64.705078125,62.875,54.263671875,55.28125,54.14501953125,42.625,66.603515625,19.84375,71.31005859375
18,14312,83,35,Brighton & Hove Albion,3085,Glenn Murray,Right Foot,Normal,Goal,01/09/2018,Brighton & Hove Albion,Fulham,2018/2019,Premier League,12258,Marcus Bettinelli,105.90625,123.27978515625,116.03125,88.00048828125,85.65625,69.80712890625,70.46875,67.03857421875,55.28125,104.77001953125,24.90625,139.73291015625,78.0625,69.6884765625,93.25,42.08203125,93.25,42.08203125,108.4375,22.0693359375,83.125,62.173828125,95.78125,54.77783203125,108.4375,37.2568359375,83.125,39.392578125,70.46875,46.78857421875,55.28125,59.20751953125
19,14304,75,33,Chelsea,3621,Eden Hazard,Right Foot,Normal,Goal,26/08/2018,Newcastle United,Chelsea,2018/2019,Premier League,3711,Martin Dúbravka,95.5,278.3515625,136.5,222.6171875,100.625,191.306640625,167.25,202.59765625,213.375,244.318359375,254.375,296.208984375,121.125,207.001953125,162.125,105.142578125,95.5,73.3515625,100.625,1.681640625,34.0,164.640625,49.375,134.130859375,157.0,84.5625,177.5,105.3828125,162.125,146.142578125,116.0,145.421875
20,2239,88,32,Huddersfield Town,3281,Aaron Mooy,Right Foot,Normal,Goal,16/12/2017,Watford,Huddersfield Town,2017/2018,Premier League,3522,Heurelho da Silva Gomes,150.34375,307.06787109375,77.21875,238.89404296875,125.96875,178.71826171875,174.71875,173.38623046875,241.75,265.83984375,314.875,352.294921875,150.34375,173.00537109375,132.0625,87.4072265625,132.0625,93.5009765625,132.0625,20.3759765625,40.65625,195.66650390625,46.75,122.63671875,77.21875,80.45654296875,186.90625,88.26416015625,223.46875,137.58544921875,229.5625,204.7119140625
21,14353,32,28,AFC Bournemouth,3346,Joshua King,Right Foot,Normal,Goal,06/10/2018,Watford,AFC Bournemouth,2018/2019,Premier League,4053,Ben Foster,212.1875,429.2841796875,128.65625,298.88525390625,98.28125,237.66064453125,181.8125,254.1533203125,303.3125,347.1767578125,310.90625,430.82666015625,143.84375,245.96630859375,166.625,109.634765625,166.625,94.447265625,174.21875,11.03466796875,52.71875,176.19873046875,29.9375,175.8427734375,105.875,108.685546875,227.375,118.177734375,250.15625,141.31494140625,227.375,239.677734375
22,2147,86,38,Tottenham Hotspur,10955,Harry Kane,Right Foot,Normal,Saved,04/02/2018,Liverpool,Tottenham Hotspur,2017/2018,Premier League,3630,Loris Karius,56.0,460.453125,91.25,372.87890625,144.125,267.955078125,214.625,269.056640625,285.125,384.720703125,329.1875,499.9716796875,179.375,268.505859375,170.5625,109.7431640625,170.5625,109.7431640625,170.5625,21.6181640625,82.4375,214.1162109375,73.625,143.478515625,117.6875,117.7294921875,223.4375,110.5693359375,285.125,129.158203125,293.9375,199.7958984375
23,2147,94,38,Tottenham Hotspur,10955,Harry Kane,Right Foot,Normal,Goal,04/02/2018,Liverpool,Tottenham Hotspur,2017/2018,Premier League,3630,Loris Karius,356.09375,335.65771484375,275.46875,247.05419921875,194.84375,171.88818359375,134.375,177.662109375,275.46875,247.05419921875,349.375,328.833984375,161.25,171.36328125,174.6875,50.6357421875,174.6875,43.9169921875,188.125,10.533203125,248.59375,51.79052734375,268.75,58.82421875,141.09375,23.23583984375,215.0,24.390625,262.03125,52.00048828125,228.4375,64.9130859375
24,14493,38,36,Manchester City,3202,Gabriel Fernando de Jesus,Right Foot,Normal,Goal,14/01/2019,Manchester City,Wolverhampton Wanderers,2018/2019,Premier League,5205,Rui Pedro dos Santos Patrício,,,,,,,,,,,,,,,,,,,,,,,,,,,,,,,,
25,2111,61,22,Leicester City,10960,Jamie Vardy,Right Foot,Normal,Goal,09/09/2017,Leicester City,Chelsea,2017/2018,Premier League,3509,Thibaut Courtois,313.03125,321.82861328125,248.0625,255.8447265625,200.8125,160.6064453125,200.8125,178.3251953125,236.25,255.66015625,189.0,313.984375,206.71875,166.60498046875,94.5,93.9765625,112.21875,88.34716796875,82.6875,40.6357421875,253.96875,125.99951171875,189.0,89.546875,64.96875,93.51513671875,124.03125,76.71923828125,212.625,89.916015625,218.53125,131.35205078125
26,14313,68,39,Manchester United,20004,Paul Pogba,Right Foot,Normal,Saved,02/09/2018,Burnley,Manchester United,2018/2019,Premier League,3291,Joe Hart,135.6875,133.7607421875,105.3125,115.5673828125,74.9375,46.7490234375,57.21875,51.53466796875,105.3125,110.5048828125,138.21875,133.80029296875,64.8125,46.5908203125,49.625,69.134765625,49.625,69.134765625,54.6875,97.0576171875,39.5,41.1328125,31.90625,61.26416015625,85.0625,100.0634765625,39.5,56.3203125,39.5,56.3203125,26.84375,83.96630859375
27,14578,71,29,Everton,3944,Gylfi Þór Sigurðsson,Right Foot,Normal,Saved,17/03/2019,Everton,Chelsea,2018/2019,Premier League,6395,Kepa Arrizabalaga Revuelta,58.625,167.666015625,113.1875,132.1435546875,98.03125,86.43798828125,76.8125,92.1689453125,52.5625,119.0712890625,161.6875,166.2451171875,85.90625,89.27978515625,70.75,55.69921875,70.75,43.57421875,67.71875,19.27685546875,128.34375,26.28662109375,55.59375,73.64990234375,70.75,43.57421875,58.625,43.384765625,46.5,73.5078125,37.40625,55.17822265625
28,14503,26,39,Manchester United,20004,Paul Pogba,Right Foot,Normal,Goal,19/01/2019,Manchester United,Brighton & Hove Albion,2018/2019,Premier League,22358,David Button,45.375,344.052734375,118.875,253.326171875,192.375,199.349609375,253.625,212.556640625,302.625,237.822265625,229.125,340.798828125,223.0,205.953125,216.875,95.607421875,216.875,95.607421875,204.625,21.916015625,76.0,197.53125,118.875,155.326171875,161.75,100.87109375,272.0,96.46875,296.5,164.2265625,314.875,225.763671875
29,14295,44,24,Liverpool,3473,James Philip Milner,Right Foot,Normal,Goal,20/08/2018,Crystal Palace,Liverpool,2018/2019,Premier League,3488,Wayne Hennessey,113.75,326.73046875,46.375,252.177734375,83.125,191.501953125,138.25,186.23828125,205.625,273.041015625,285.25,353.91015625,107.625,185.759765625,107.625,93.884765625,107.625,81.634765625,113.75,8.23046875,119.875,320.701171875,58.625,172.744140625,58.625,93.119140625,162.75,94.74609375,199.5,138.1953125,236.25,181.64453125
30,2202,75,22,Leicester City,10960,Jamie Vardy,Right Foot,Normal,Goal,09/05/2018,Leicester City,Arsenal,2017/2018,Premier League,3461,Petr Čech,440.75,516.12109375,394.5,385.8984375,302.0,273.453125,218.75,272.15234375,403.75,386.04296875,89.25,464.37890625,255.75,272.73046875,265.0,124.875,274.25,97.26953125,302.0,14.453125,302.0,264.203125,348.25,227.92578125,339.0,135.28125,200.25,114.61328125,135.5,150.6015625,228.0,207.546875
31,2310,12,31,Crystal Palace,3455,Luka Milivojević,Right Foot,Normal,Goal,31/03/2018,Crystal Palace,Liverpool,2017/2018,Premier League,3630,Loris Karius,36.0,133.359375,41.0,110.9375,66.0,78.828125,88.5,84.1796875,63.5,108.7890625,38.5,138.3984375,78.5,79.0234375,56.0,33.671875,56.0,36.171875,41.0,15.9375,26.0,80.703125,36.0,58.359375,51.0,41.09375,53.5,21.1328125,53.5,13.6328125,91.0,101.71875
32,2255,87,29,Everton,3538,Wayne Mark Rooney,Right Foot,Normal,Saved,10/03/2018,Everton,Brighton & Hove Albion,2017/2018,Premier League,3240,Mathew Ryan,67.71875,99.69873046875,53.9375,73.8896484375,30.3125,55.8017578125,44.09375,52.07958984375,57.875,64.107421875,73.625,95.853515625,36.21875,53.92529296875,53.9375,38.4521484375,51.96875,38.42138671875,63.78125,18.91845703125,24.40625,81.30322265625,24.40625,55.70947265625,46.0625,38.3291015625,61.8125,38.5751953125,67.71875,54.41748046875,75.59375,70.29052734375
33,14466,46,24,Liverpool,3531,Mohamed Salah,Left Foot,Normal,Goal,29/12/2018,Liverpool,Arsenal,2018/2019,Premier League,15581,Bernd Leno,67.4375,141.9755859375,67.4375,111.3505859375,88.875,96.373046875,113.375,99.818359375,119.5,121.3515625,88.875,154.560546875,101.125,99.626953125,101.125,47.564453125,101.125,47.564453125,88.875,25.935546875,27.625,73.978515625,49.0625,55.9384765625,85.8125,47.3251953125,119.5,47.8515625,131.75,63.35546875,137.875,72.638671875
34,14466,64,24,Liverpool,3535,Roberto Firmino Barbosa de Oliveira,Right Foot,Normal,Goal,29/12/2018,Liverpool,Arsenal,2018/2019,Premier League,15581,Bernd Leno,112.75,497.16796875,718.78125,295.23095703125,535.5625,320.5556640625,451.0,262.859375,310.0625,415.6884765625,126.84375,483.29443359375,493.28125,305.80126953125,634.21875,152.97216796875,648.3125,153.1923828125,690.59375,41.10302734375,817.4375,395.4287109375,732.875,281.357421875,718.78125,168.38720703125,549.65625,137.55712890625,451.0,192.390625,366.4375,275.6318359375
35,14574,49,31,Crystal Palace,3455,Luka Milivojević,Right Foot,Normal,Goal,09/03/2019,Crystal Palace,Brighton & Hove Albion,2018/2019,Premier League,3240,Mathew Ryan,85.375,123.474609375,65.875,89.044921875,26.875,76.248046875,51.25,76.62890625,73.1875,94.0341796875,80.5,123.3984375,36.625,76.400390625,63.4375,42.6943359375,63.4375,42.6943359375,75.625,16.072265625,29.3125,76.2861328125,34.1875,61.7373046875,48.8125,37.5908203125,78.0625,47.7978515625,85.375,69.849609375,92.6875,84.5888671875
36,14276,2,39,Manchester United,20004,Paul Pogba,Right Foot,Normal,Goal,10/08/2018,Manchester United,Leicester City,2018/2019,Premier League,3815,Kasper Schmeichel,173.0,178.140625,135.15625,172.14306640625,183.8125,135.0595703125,221.65625,157.27587890625,254.09375,201.03271484375,189.21875,243.26904296875,200.03125,146.12548828125,259.5,87.5859375,264.90625,87.67041015625,64.875,127.794921875,59.46875,219.61669921875,102.71875,198.66748046875,221.65625,81.58837890625,297.34375,93.58349609375,313.5625,142.4931640625,32.4375,224.6005859375
37,14558,94,39,Manchester United,20004,Paul Pogba,Right Foot,Normal,Saved,02/03/2019,Manchester United,Southampton,2018/2019,Premier League,22379,Angus Gunn,163.25,327.83203125,75.75,270.21484375,113.25,189.55078125,163.25,184.08203125,238.25,279.00390625,313.25,361.42578125,138.25,183.69140625,144.5,102.5390625,144.5,108.7890625,150.75,52.63671875,25.75,169.43359375,50.75,126.07421875,113.25,108.30078125,169.5,96.6796875,213.25,122.36328125,207.0,134.765625
38,14372,26,39,Manchester United,20004,Paul Pogba,Right Foot,Normal,Saved,28/10/2018,Manchester United,Everton,2018/2019,Premier League,3468,Jordan Pickford,324.0,456.6875,202.5,353.5390625,243.0,273.171875,293.625,213.212890625,405.0,316.203125,526.5,419.3515625,263.25,232.98828125,182.25,211.47265625,182.25,211.47265625,222.75,313.35546875,232.875,262.888671875,172.125,312.564453125,141.75,210.83984375,212.625,171.447265625,243.0,151.671875,222.75,252.60546875
39,14372,76,29,Everton,3944,Gylfi Þór Sigurðsson,Right Foot,Normal,Goal,28/10/2018,Manchester United,Everton,2018/2019,Premier League,3333,David de Gea Quintana,137.03125,155.82861328125,26.125,102.908203125,71.625,92.244140625,88.6875,89.6669921875,105.75,126.90234375,139.875,155.873046875,77.3125,89.4892578125,43.1875,49.1435546875,37.5,46.2109375,17.59375,40.21240234375,40.34375,103.13037109375,57.40625,92.02197265625,34.65625,63.22900390625,60.25,46.56640625,80.15625,78.15869140625,83.0,100.953125
40,2166,62,36,Manchester City,3237,Sergio Leonel Agüero del Castillo,Right Foot,Normal,Goal,20/01/2018,Manchester City,Newcastle United,2017/2018,Premier League,3649,Karl Darlow,69.53125,220.78955078125,99.78125,191.01220703125,84.65625,122.71337890625,80.875,145.341796875,88.4375,190.8349609375,80.875,236.091796875,77.09375,126.37646484375,84.65625,77.33837890625,96.0,66.171875,141.375,17.724609375,122.46875,108.17919921875,114.90625,89.15478515625,103.5625,58.7275390625,84.65625,77.33837890625,84.65625,103.80712890625,92.21875,111.48779296875
41,14325,64,25,Southampton,3654,Daniel William John Ings,Right Foot,Normal,Goal,17/09/2018,Southampton,Brighton & Hove Albion,2018/2019,Premier League,3240,Mathew Ryan,39.09375,276.84521484375,48.28125,194.30126953125,66.65625,139.46337890625,117.1875,135.6591796875,149.34375,191.28662109375,172.3125,251.3642578125,89.625,139.822265625,94.21875,66.39404296875,94.21875,70.98779296875,98.8125,20.5283203125,34.5,161.9296875,39.09375,120.65771484375,57.46875,70.41357421875,130.96875,62.37451171875,153.9375,108.6708984375,176.90625,159.56103515625
42,14325,90,35,Brighton & Hove Albion,3085,Glenn Murray,Right Foot,Normal,Goal,17/09/2018,Southampton,Brighton & Hove Albion,2018/2019,Premier League,3619,Alex McCarthy,24.3125,145.7548828125,59.25,84.48828125,80.75,79.44921875,96.875,79.701171875,99.5625,98.5556640625,104.9375,128.2021484375,83.4375,76.8037109375,91.5,50.0546875,94.1875,44.7216796875,107.625,20.744140625,64.625,95.322265625,61.9375,57.6552734375,70.0,60.46875,99.5625,52.8681640625,99.5625,79.7431640625,94.1875,85.0341796875
43,14519,45,33,Chelsea,3621,Eden Hazard,Right Foot,Normal,Goal,02/02/2019,Chelsea,Huddersfield Town,2018/2019,Premier League,3322,Jonas Lössl,28.25,198.19140625,95.34375,160.39599609375,116.53125,111.28955078125,137.71875,122.21435546875,148.3125,154.1611328125,155.375,182.521484375,127.125,114.986328125,123.59375,69.02490234375,123.59375,61.96240234375,120.0625,23.0634765625,116.53125,65.38330078125,88.28125,68.47314453125,105.9375,65.2177734375,137.71875,65.71435546875,84.75,71.94921875,84.75,71.94921875
44,2356,90,29,Everton,3518,Leighton Baines,Left Foot,Normal,Goal,05/11/2017,Everton,Watford,2017/2018,Premier League,3522,Heurelho da Silva Gomes,,,,,,,,,,,,,,,,,,,,,,,,,,,,,,,,
45,2356,100,23,Watford,3683,Tom Cleverley,Right Foot,Normal,Off T,05/11/2017,Everton,Watford,2017/2018,Premier League,3468,Jordan Pickford,,,,,,,,,,,,,,,,,,,,,,,,,,,,,,,,
46,2213,42,28,AFC Bournemouth,3346,Joshua King,Right Foot,Normal,Goal,31/03/2018,Watford,AFC Bournemouth,2017/2018,Premier League,3742,Orestis Karnezis,13.875,101.748046875,26.8125,84.7001953125,41.90625,65.52978515625,54.84375,74.35693359375,37.59375,99.96240234375,24.65625,114.85400390625,48.375,69.943359375,54.84375,39.85693359375,54.84375,37.70068359375,50.53125,13.91455078125,22.5,52.2890625,33.28125,37.36376953125,39.75,37.46484375,69.9375,44.4052734375,91.5,53.3671875,97.96875,64.24951171875
47,14457,47,24,Liverpool,3531,Mohamed Salah,Left Foot,Normal,Goal,26/12/2018,Liverpool,Newcastle United,2018/2019,Premier League,3711,Martin Dúbravka,47.46875,311.02294921875,52.8125,214.9189453125,106.25,151.62890625,159.6875,147.1201171875,202.4375,243.9755859375,239.84375,271.27880859375,132.96875,146.70263671875,84.875,71.138671875,79.53125,60.36767578125,68.84375,1.41943359375,20.75,171.66796875,31.4375,134.4287109375,36.78125,75.73095703125,122.28125,66.37939453125,191.75,131.58984375,213.125,190.705078125
48,14416,23,35,Brighton & Hove Albion,3085,Glenn Murray,Right Foot,Normal,Goal,04/12/2018,Brighton & Hove Albion,Crystal Palace,2018/2019,Premier League,3488,Wayne Hennessey,38.0625,137.0634765625,32.5,98.0390625,85.34375,90.52099609375,79.78125,90.43408203125,93.6875,121.2451171875,124.28125,146.75439453125,79.78125,90.43408203125,43.625,92.650390625,40.84375,95.38818359375,18.59375,103.38427734375,88.125,82.220703125,57.53125,90.08642578125,32.5,95.2578125,40.84375,92.60693359375,49.1875,84.3935546875,90.90625,87.82666015625
49,14416,80,31,Crystal Palace,3455,Luka Milivojević,Right Foot,Normal,Goal,04/12/2018,Brighton & Hove Albion,Crystal Palace,2018/2019,Premier League,3240,Mathew Ryan,79.6875,132.0888671875,82.25,111.62890625,69.4375,90.9287109375,82.25,91.12890625,87.375,109.146484375,118.125,132.689453125,77.125,88.486328125,61.75,47.24609375,59.1875,42.0810546875,41.25,23.86328125,51.5,85.5234375,51.5,65.0234375,51.5,49.6484375,74.5625,47.4462890625,92.5,75.9140625,92.5,81.0390625
50,2340,89,30,Stoke City,3636,Charlie Adam,Left Foot,Normal,Saved,10/02/2018,Stoke City,Brighton & Hove Albion,2017/2018,Premier League,3240,Mathew Ryan,36.125,126.283203125,31.0,87.765625,69.4375,78.1162109375,79.6875,73.1513671875,84.8125,114.2314453125,123.25,140.45703125,77.125,75.673828125,43.8125,49.5283203125,38.6875,44.3232421875,18.1875,36.3154296875,41.25,90.48828125,48.9375,72.6708984375,38.6875,54.5732421875,48.9375,49.6083984375,66.875,70.388671875,69.4375,96.0537109375
51,14343,33,38,Tottenham Hotspur,10955,Harry Kane,Right Foot,Normal,Goal,29/09/2018,Huddersfield Town,Tottenham Hotspur,2018/2019,Premier League,3322,Jonas Lössl,139.4375,419.8974609375,80.9375,287.3583984375,95.5625,243.7119140625,161.375,244.740234375,234.5,319.0078125,293.0,414.984375,124.8125,244.1689453125,139.4375,112.7724609375,139.4375,98.1474609375,146.75,17.82421875,139.4375,185.8974609375,95.5625,177.8994140625,88.25,111.97265625,190.625,113.572265625,205.25,201.55078125,241.8125,282.5595703125
52,2291,94,32,Huddersfield Town,3305,Rajiv van La Parra,Right Foot,Normal,Goal,11/02/2018,Huddersfield Town,AFC Bournemouth,2017/2018,Premier League,3339,Asmir Begović,59.1875,173.4404296875,82.375,130.740234375,49.25,93.78515625,59.1875,90.6279296875,98.9375,134.3115234375,89.0,167.28125,55.875,93.888671875,98.9375,54.8115234375,102.25,51.55078125,125.4375,22.1005859375,145.3125,101.9111328125,118.8125,71.6845703125,85.6875,51.2919921875,112.1875,55.0185546875,118.8125,74.9970703125,135.375,98.443359375
53,2012,49,36,Manchester City,3237,Sergio Leonel Agüero del Castillo,Right Foot,Normal,Goal,05/11/2017,Manchester City,Arsenal,2017/2018,Premier League,3461,Petr Čech,111.375,141.052734375,87.75,103.93359375,66.75,79.98046875,51.0,111.234375,53.625,95.525390625,53.625,142.775390625,56.25,87.69140625,45.75,42.90234375,48.375,32.443359375,87.75,17.30859375,14.25,92.28515625,24.75,63.57421875,30.0,42.65625,79.875,51.310546875,85.125,51.392578125,100.875,67.388671875
54,14617,80,24,Liverpool,3473,James Philip Milner,Right Foot,Normal,Goal,21/04/2019,Cardiff City,Liverpool,2018/2019,Premier League,9920,Neil Leonard Dula Etheridge,91.71875,215.10498046875,47.375,137.818359375,95.75,146.63671875,136.0625,151.2978515625,176.375,180.146484375,216.6875,221.0888671875,119.9375,151.0458984375,95.75,70.04296875,91.71875,69.97998046875,99.78125,33.82470703125,23.1875,125.3466796875,39.3125,97.3798828125,59.46875,73.50732421875,128.0,70.546875,148.15625,82.95556640625,123.96875,62.42138671875
55,14494,10,25,Southampton,3328,James Ward-Prowse,Right Foot,Normal,Goal,12/01/2019,Leicester City,Southampton,2018/2019,Premier League,3815,Kasper Schmeichel,,,,,,,,,,,,,,,,,,,,,,,,,,,,,,,,
56,2287,55,40,West Ham United,3347,André Ayew Pelé,Left Foot,Normal,Saved,23/12/2017,West Ham United,Newcastle United,2017/2018,Premier League,3096,Rob Elliot,84.21875,187.11279296875,88.0,164.484375,91.78125,126.73095703125,80.4375,126.5537109375,69.09375,160.40771484375,31.28125,197.62939453125,88.0,126.671875,99.34375,77.69287109375,103.125,73.970703125,122.03125,47.79736328125,84.21875,107.70654296875,99.34375,100.38037109375,106.90625,77.81103515625,88.0,77.515625,72.875,96.185546875,72.875,111.310546875
57,14375,45,31,Crystal Palace,3455,Luka Milivojević,Right Foot,Normal,Goal,28/10/2018,Crystal Palace,Arsenal,2018/2019,Premier League,15581,Bernd Leno,67.75,100.23046875,81.25,93.69140625,79.0,64.40625,83.5,62.2265625,61.0,88.875,52.0,111.234375,83.5,64.4765625,70.0,41.765625,67.75,37.23046875,49.75,34.69921875,56.5,68.5546875,61.0,57.375,63.25,41.66015625,74.5,39.5859375,79.0,37.40625,56.5,37.0546875
58,14375,82,31,Crystal Palace,3455,Luka Milivojević,Right Foot,Normal,Goal,28/10/2018,Crystal Palace,Arsenal,2018/2019,Premier League,15581,Bernd Leno,74.5,118.3359375,25.0,104.0625,49.75,72.94921875,47.5,75.1640625,58.75,100.08984375,74.5,122.8359375,49.75,72.94921875,58.75,50.58984375,58.75,50.58984375,65.5,23.6953125,31.75,63.66796875,36.25,54.73828125,49.75,50.44921875,67.75,50.73046875,85.75,64.51171875,101.5,85.0078125
59,2209,42,40,West Ham United,3874,Mark Noble,Right Foot,Normal,Goal,30/01/2018,West Ham United,Crystal Palace,2017/2018,Premier League,3488,Wayne Hennessey,60.125,125.455078125,69.875,96.357421875,84.5,86.8359375,82.0625,89.2353515625,55.25,101.00390625,55.25,122.94140625,84.5,84.3984375,74.75,42.80859375,69.875,37.857421875,57.6875,15.7294921875,79.625,69.697265625,86.9375,67.3740234375,86.9375,42.9990234375,62.5625,42.6181640625,55.25,64.44140625,45.5,81.3515625
60,2337,33,37,Newcastle United,3265,José Luis Sanmartín Mato,Right Foot,Normal,Saved,31/01/2018,Newcastle United,Burnley,2017/2018,Premier League,3474,Nick Pope,127.1875,145.9873046875,151.25,111.98828125,113.4375,87.3349609375,127.1875,87.5498046875,89.375,97.271484375,68.75,131.32421875,120.3125,87.4423828125,144.375,53.443359375,147.8125,43.1845703125,165.0,19.390625,123.75,73.74609375,165.0,81.265625,165.0,53.765625,127.1875,49.7373046875,110.0,63.21875,106.5625,76.9150390625
61,2225,74,36,Manchester City,3202,Gabriel Fernando de Jesus,Right Foot,Normal,Post,16/12/2017,Manchester City,Tottenham Hotspur,2017/2018,Premier League,3099,Hugo Lloris,201.78125,493.05908203125,81.9375,380.5615234375,155.6875,280.3076171875,238.65625,281.60400390625,330.84375,412.10693359375,395.375,477.646484375,201.78125,281.02783203125,155.6875,142.0263671875,146.46875,132.66357421875,118.8125,30.8251953125,54.28125,269.50439453125,54.28125,223.41064453125,63.5,140.5859375,229.4375,133.9599609375,321.625,199.931640625,395.375,320.927734375
62,14318,80,33,Chelsea,3621,Eden Hazard,Right Foot,Normal,Goal,15/09/2018,Chelsea,Cardiff City,2018/2019,Premier League,9920,Neil Leonard Dula Etheridge,32.25,123.12890625,61.8125,104.7783203125,96.75,83.82421875,75.25,86.17578125,88.6875,115.9482421875,88.6875,148.1982421875,80.625,83.572265625,75.25,35.11328125,72.5625,27.0087890625,72.5625,2.8212890625,64.5,75.2578125,43.0,58.796875,56.4375,40.1943359375,94.0625,30.0322265625,104.8125,57.0751953125,115.5625,51.8681640625
63,14532,26,40,West Ham United,3874,Mark Noble,Right Foot,Normal,Goal,09/02/2019,Crystal Palace,West Ham United,2018/2019,Premier League,6625,Vicente Guaita Panadero,30.375,122.568359375,65.8125,85.1533203125,81.0,65.140625,93.65625,65.33837890625,113.90625,78.31103515625,116.4375,111.2568359375,86.0625,65.2197265625,103.78125,42.71533203125,103.78125,40.18408203125,116.4375,22.6630859375,70.875,62.451171875,75.9375,49.8740234375,91.125,37.455078125,113.90625,42.87353515625,111.375,60.552734375,106.3125,78.1923828125
64,14564,73,38,Tottenham Hotspur,10955,Harry Kane,Right Foot,Normal,Goal,02/03/2019,Tottenham Hotspur,Arsenal,2018/2019,Premier League,15581,Bernd Leno,60.34375,81.13037109375,60.34375,63.31787109375,49.65625,59.58837890625,67.46875,49.17919921875,78.15625,61.81494140625,72.8125,75.9814453125,55.0,57.890625,47.875,34.623046875,47.875,32.841796875,47.875,13.248046875,24.71875,62.76123046875,30.0625,45.0322265625,35.40625,36.20947265625,60.34375,31.25537109375,69.25,38.51953125,67.46875,40.27294921875
65,14564,90,1,Arsenal,3712,Pierre-Emerick Aubameyang,Right Foot,Normal,Saved,02/03/2019,Tottenham Hotspur,Arsenal,2018/2019,Premier League,3099,Hugo Lloris,81.625,91.916015625,65.875,83.794921875,52.09375,59.95458984375,34.375,63.615234375,69.8125,83.8564453125,40.28125,81.42626953125,44.21875,61.80029296875,46.1875,30.3310546875,46.1875,26.3935546875,48.15625,6.73681640625,54.0625,44.2353515625,61.9375,38.4521484375,59.96875,32.51513671875,34.375,28.177734375,26.5,30.0234375,38.3125,43.9892578125
66,14533,55,36,Manchester City,3237,Sergio Leonel Agüero del Castillo,Right Foot,Normal,Goal,10/02/2019,Manchester City,Chelsea,2018/2019,Premier League,6395,Kepa Arrizabalaga Revuelta,147.25,6.73828125,94.75,163.41796875,98.5,114.7265625,113.5,107.4609375,79.75,136.93359375,113.5,197.4609375,128.5,118.9453125,76.0,65.625,42.25,38.84765625,19.75,30.99609375,79.75,110.68359375,27.25,76.11328125,83.5,50.7421875,61.0,69.140625,34.75,79.98046875,121.0,208.828125
67,2048,41,23,Watford,3454,Troy Deeney,Right Foot,Normal,Goal,05/02/2018,Watford,Chelsea,2017/2018,Premier League,3509,Thibaut Courtois,45.59375,161.55615234375,63.78125,125.46533203125,72.875,86.201171875,85.0,86.390625,115.3125,117.1767578125,133.5,147.7734375,78.9375,86.2958984375,81.96875,49.96826171875,85.0,50.015625,88.03125,25.81298828125,88.03125,19.75048828125,63.78125,28.46533203125,81.96875,49.96826171875,88.03125,44.00048828125,66.8125,28.5126953125,88.03125,22.78173828125
68,1998,6,38,Tottenham Hotspur,10955,Harry Kane,Right Foot,Normal,Goal,23/12/2017,Burnley,Tottenham Hotspur,2017/2018,Premier League,3474,Nick Pope,85.5625,185.4931640625,75.71875,149.24560546875,65.875,96.591796875,52.75,96.38671875,69.15625,145.86181640625,79.0,182.109375,59.3125,96.4892578125,79.0,31.171875,79.0,21.328125,85.5625,1.7431640625,75.71875,73.77685546875,33.0625,79.6728515625,56.03125,30.81298828125,101.96875,28.24951171875,26.5,82.8515625,108.53125,77.57080078125
69,14509,65,1,Arsenal,3712,Pierre-Emerick Aubameyang,Right Foot,Normal,Goal,29/01/2019,Arsenal,Cardiff City,2018/2019,Premier League,9920,Neil Leonard Dula Etheridge,20.875,142.857421875,120.3125,90.6611328125,71.9375,63.0302734375,98.8125,74.2001953125,63.875,111.279296875,23.5625,134.8369140625,82.6875,63.1982421875,104.1875,36.6591796875,106.875,34.013671875,131.0625,18.2666015625,128.375,93.474609375,112.25,66.34765625,96.125,33.845703125,58.5,57.4453125,114.9375,69.0771484375,23.5625,129.4619140625
70,2176,53,30,Stoke City,3533,Xherdan Shaqiri,Left Foot,Normal,Saved,13/05/2018,Swansea City,Stoke City,2017/2018,Premier League,3262,Łukasz Fabiański,,,,,,,,,,,,,,,,,,,,,,,,,,,,,,,,
71,2033,54,24,Liverpool,3535,Roberto Firmino Barbosa de Oliveira,Right Foot,Normal,Goal,12/08/2017,Watford,Liverpool,2017/2018,Premier League,3522,Heurelho da Silva Gomes,50.5,317.1484375,79.25,260.09765625,182.75,186.96484375,223.0,204.84375,269.0,240.0625,177.0,319.125,211.5,187.4140625,257.5,90.3828125,257.5,84.6328125,286.25,27.58203125,205.75,204.57421875,182.75,117.96484375,223.0,78.34375,297.75,96.76171875,246.0,136.203125,280.5,194.2421875
72,14289,32,40,West Ham United,3325,Marko Arnautović,Right Foot,Normal,Goal,18/08/2018,West Ham United,AFC Bournemouth,2018/2019,Premier League,3339,Asmir Begović,55.15625,149.61181640625,36.59375,118.38427734375,70.625,94.166015625,83.0,88.171875,92.28125,137.81689453125,135.59375,172.52490234375,76.8125,91.1689453125,42.78125,50.41845703125,39.6875,47.2763671875,18.03125,16.00048828125,33.5,93.5859375,36.59375,78.16552734375,33.5,53.3671875,52.0625,50.5634765625,55.15625,84.64306640625,27.3125,99.6767578125
73,14587,75,31,Crystal Palace,3455,Luka Milivojević,Right Foot,Normal,Goal,30/03/2019,Crystal Palace,Huddersfield Town,2018/2019,Premier League,4621,Ben Hamer,108.0,212.6875,116.0,156.8125,124.0,108.9375,152.0,101.375,184.0,149.875,156.0,193.4375,140.0,105.1875,128.0,41.0,124.0,36.9375,112.0,0.75,92.0,116.4375,104.0,72.625,108.0,44.6875,148.0,37.3125,148.0,49.3125,164.0,61.5625
74,14641,8,1,Arsenal,3712,Pierre-Emerick Aubameyang,Right Foot,Normal,Goal,05/05/2019,Arsenal,Brighton & Hove Albion,2018/2019,Premier League,3240,Mathew Ryan,47.5,111.1640625,45.25,95.37890625,76.75,75.62109375,92.5,82.6171875,67.75,88.98046875,56.5,118.0546875,85.75,80.26171875,67.75,46.23046875,61.0,41.625,45.25,25.62890625,25.0,95.0625,47.5,66.1640625,58.75,46.08984375,76.75,48.62109375,70.0,82.265625,61.0,77.625
75,14641,60,35,Brighton & Hove Albion,3085,Glenn Murray,Right Foot,Normal,Goal,05/05/2019,Arsenal,Brighton & Hove Albion,2018/2019,Premier League,15581,Bernd Leno,27.0625,128.7197265625,35.40625,101.03759765625,66.0,79.265625,77.125,82.220703125,82.6875,115.6826171875,104.9375,143.8427734375,71.5625,79.3525390625,79.90625,65.57666015625,77.125,62.751953125,79.90625,46.10791015625,63.21875,51.40966796875,74.34375,57.14599609375,71.5625,65.4462890625,79.90625,62.79541015625,74.34375,59.92724609375,68.78125,51.49658203125
76,2052,58,31,Crystal Palace,3507,Wilfried Zaha,Right Foot,Normal,Goal,23/12/2017,Swansea City,Crystal Palace,2017/2018,Premier League,3262,Łukasz Fabiański,,,,,,,,,,,,,,,,,,,,,,,,,,,,,,,,
77,14342,51,29,Everton,3944,Gylfi Þór Sigurðsson,Right Foot,Normal,Post,29/09/2018,Everton,Fulham,2018/2019,Premier League,12258,Marcus Bettinelli,263.25,343.05078125,153.5625,253.5869140625,226.6875,174.2919921875,285.1875,189.8310546875,336.375,249.130859375,73.125,332.767578125,255.9375,196.6865234375,329.0625,88.1416015625,336.375,80.943359375,409.5,52.8359375,212.0625,79.0009765625,234.0,79.34375,234.0,79.34375,380.25,103.56640625,380.25,169.37890625,234.0,145.15625
78,14293,43,35,Brighton & Hove Albion,3097,Pascal Groß,Right Foot,Normal,Goal,19/08/2018,Brighton & Hove Albion,Manchester United,2018/2019,Premier League,3333,David de Gea Quintana,154.25,336.83203125,73.8125,248.9501953125,141.875,225.263671875,179.0,194.90625,228.5,294.6796875,302.75,351.52734375,166.625,219.462890625,92.375,100.740234375,86.1875,82.0810546875,67.625,19.916015625,24.3125,260.5517578125,42.875,192.779296875,36.6875,118.4326171875,135.6875,82.8544921875,179.0,151.59375,216.125,226.423828125
79,14293,94,39,Manchester United,20004,Paul Pogba,Right Foot,Normal,Goal,19/08/2018,Brighton & Hove Albion,Manchester United,2018/2019,Premier League,3240,Mathew Ryan,89.875,133.998046875,75.4375,92.8662109375,61.0,56.546875,61.0,63.765625,68.21875,97.56591796875,87.46875,124.33544921875,58.59375,61.32177734375,58.59375,44.47802734375,58.59375,44.47802734375,75.4375,27.8974609375,87.46875,90.64794921875,75.4375,73.6162109375,63.40625,44.55322265625,53.78125,44.40283203125,41.75,56.24609375,82.65625,88.16650390625
80,14381,67,46,Wolverhampton Wanderers,9927,Rúben Diogo Da Silva Neves,Right Foot,Normal,Goal,03/11/2018,Wolverhampton Wanderers,Tottenham Hotspur,2018/2019,Premier League,3099,Hugo Lloris,88.625,195.556640625,82.375,161.083984375,79.25,111.03515625,60.5,116.9921875,60.5,151.3671875,41.75,163.57421875,69.875,107.763671875,101.125,83.251953125,101.125,80.126953125,110.5,52.1484375,85.5,86.1328125,107.375,102.099609375,104.25,83.30078125,107.375,73.974609375,82.375,73.583984375,63.625,79.541015625
81,14381,78,46,Wolverhampton Wanderers,5568,Raúl Alonso Jiménez Rodríguez,Right Foot,Normal,Goal,03/11/2018,Wolverhampton Wanderers,Tottenham Hotspur,2018/2019,Premier League,3099,Hugo Lloris,,,,,,,,,,,,,,,,,,,,,,,,,,,,,,,,
82,2300,77,24,Liverpool,3531,Mohamed Salah,Left Foot,Normal,Goal,30/01/2018,Huddersfield Town,Liverpool,2017/2018,Premier League,3322,Jonas Lössl,247.65625,854.21337890625,139.90625,677.43603515625,166.84375,462.35693359375,288.0625,437.3134765625,409.28125,614.30126953125,530.5,777.8203125,220.71875,449.72998046875,220.71875,220.76123046875,220.71875,193.82373046875,220.71875,32.19873046875,139.90625,475.40478515625,126.4375,367.4443359375,126.4375,232.7568359375,341.9375,222.6552734375,422.75,385.54296875,490.09375,534.75146484375
83,2091,46,29,Everton,3538,Wayne Mark Rooney,Right Foot,Normal,Saved,18/12/2017,Everton,Swansea City,2017/2018,Premier League,3262,Łukasz Fabiański,42.0,255.65625,115.5,193.8046875,173.25,131.70703125,220.5,148.1953125,210.0,211.03125,57.75,245.40234375,194.25,137.28515625,236.25,80.19140625,246.75,75.10546875,199.5,90.1171875,110.25,125.47265625,157.5,78.9609375,210.0,58.78125,283.5,96.6796875,294.0,133.59375,294.0,180.84375
84,2091,72,29,Everton,3538,Wayne Mark Rooney,Right Foot,Normal,Goal,18/12/2017,Everton,Swansea City,2017/2018,Premier League,3262,Łukasz Fabiański,109.125,171.111328125,69.375,147.302734375,69.375,107.552734375,82.625,107.759765625,59.4375,133.8974609375,23.0,139.953125,82.625,101.134765625,69.375,54.552734375,69.375,44.615234375,52.8125,21.1689453125,36.25,87.16015625,42.875,87.263671875,56.125,54.345703125,82.625,48.134765625,125.6875,71.9951171875,102.5,118.0078125
85,2212,52,1,Arsenal,3712,Pierre-Emerick Aubameyang,Right Foot,Normal,Saved,01/03/2018,Arsenal,Manchester City,2017/2018,Premier League,3067,Ederson Santana de Moraes,,,,,,,,,,,,,,,,,,,,,,,,,,,,,,,,
86,14316,40,28,AFC Bournemouth,3346,Joshua King,Right Foot,Normal,Goal,15/09/2018,AFC Bournemouth,Leicester City,2018/2019,Premier League,3815,Kasper Schmeichel,22.78125,112.85595703125,126.5625,94.2275390625,91.125,73.423828125,98.71875,76.07373046875,55.6875,88.0576171875,22.78125,112.85595703125,91.125,73.423828125,124.03125,38.50048828125,126.5625,36.0087890625,113.90625,88.96728515625,101.25,116.61328125,103.78125,68.55908203125,126.5625,36.0087890625,126.5625,36.0087890625,106.3125,45.8173828125,101.25,81.17578125
87,14316,87,22,Leicester City,9905,James Maddison,Right Foot,Normal,Goal,15/09/2018,AFC Bournemouth,Leicester City,2018/2019,Premier League,3339,Asmir Begović,134.75,127.98046875,116.375,106.255859375,107.1875,87.7373046875,85.75,84.33984375,88.8125,111.9501953125,82.6875,148.6044921875,91.875,84.435546875,119.4375,51.1787109375,122.5,51.2265625,134.75,23.85546875,143.9375,39.3115234375,137.8125,30.0283203125,122.5,42.0390625,113.3125,48.0205078125,94.9375,66.1083984375,88.8125,72.1376953125
88,2339,67,31,Crystal Palace,3455,Luka Milivojević,Right Foot,Normal,Goal,17/03/2018,Huddersfield Town,Crystal Palace,2017/2018,Premier League,3322,Jonas Lössl,32.1875,341.1279296875,122.3125,258.8486328125,193.125,189.142578125,238.1875,209.1591796875,212.4375,279.5693359375,148.0625,355.8134765625,212.4375,195.8818359375,244.625,99.822265625,244.625,86.947265625,257.5,29.2109375,148.0625,227.0634765625,186.6875,163.2919921875,199.5625,99.1181640625,289.6875,106.9638671875,321.875,158.966796875,341.1875,197.8935546875
89,14551,58,36,Manchester City,3237,Sergio Leonel Agüero del Castillo,Right Foot,Normal,Goal,27/02/2019,Manchester City,West Ham United,2018/2019,Premier League,3262,Łukasz Fabiański,52.53125,209.44580078125,63.875,164.248046875,63.875,111.310546875,79.0,119.109375,71.4375,164.3662109375,56.3125,209.5048828125,71.4375,111.4287109375,101.6875,62.7451171875,105.46875,55.24169921875,128.15625,21.56494140625,37.40625,103.33447265625,56.3125,77.1611328125,86.5625,54.9462890625,120.59375,63.04052734375,94.125,85.314453125,94.125,92.876953125
90,2246,74,25,Southampton,3949,Manolo Gabbiadini,Left Foot,Normal,Goal,15/10/2017,Southampton,Newcastle United,2017/2018,Premier League,3096,Rob Elliot,191.25,308.98828125,208.875,238.763671875,208.875,174.138671875,161.875,167.529296875,173.625,238.212890625,132.5,313.9453125,185.375,173.771484375,179.5,67.9296875,179.5,50.3046875,179.5,9.1796875,285.25,145.95703125,261.75,127.96484375,255.875,74.998046875,132.5,61.3203125,114.875,102.169921875,114.875,131.544921875
91,14455,29,23,Watford,3454,Troy Deeney,Right Foot,Normal,Goal,22/12/2018,West Ham United,Watford,2018/2019,Premier League,3262,Łukasz Fabiański,138.75,263.69921875,67.5,191.3359375,72.25,148.66015625,115.0,135.078125,172.0,197.71875,224.25,269.78515625,91.25,139.45703125,81.75,68.05859375,77.0,72.734375,86.5,11.1328125,29.5,147.9921875,20.0,90.84375,34.25,76.81640625,119.75,68.65234375,148.25,88.09765625,162.5,126.3203125
92,14567,68,1,Arsenal,3712,Pierre-Emerick Aubameyang,Right Foot,Normal,Goal,10/03/2019,Arsenal,Manchester United,2018/2019,Premier League,3333,David de Gea Quintana,105.5625,137.2119140625,121.5,94.9609375,81.65625,83.71337890625,68.375,88.818359375,60.40625,123.22509765625,94.9375,123.7646484375,76.34375,83.63037109375,105.5625,44.2431640625,108.21875,38.97216796875,129.46875,20.71044921875,84.3125,65.1611328125,94.9375,57.3583984375,110.875,46.982421875,97.59375,41.46240234375,81.65625,49.18212890625,97.59375,94.58740234375
93,2231,72,33,Chelsea,3472,Willian Borges da Silva,Right Foot,Normal,Goal,30/12/2017,Chelsea,Stoke City,2017/2018,Premier League,3537,Jack Butland,88.5625,140.5400390625,91.34375,115.55224609375,94.125,87.783203125,77.4375,90.3037109375,96.90625,118.42041015625,69.09375,134.67333984375,91.34375,87.73974609375,116.375,82.568359375,94.125,79.439453125,121.9375,118.8115234375,83.0,76.484375,94.125,54.408203125,88.5625,54.3212890625,57.96875,62.18701171875,52.40625,81.56884765625,63.53125,65.05517578125
94,14530,59,22,Leicester City,10960,Jamie Vardy,Right Foot,Normal,Saved,10/02/2019,Tottenham Hotspur,Leicester City,2018/2019,Premier League,3099,Hugo Lloris,65.90625,149.90478515625,38.625,125.228515625,62.875,95.294921875,78.03125,92.50048828125,87.125,135.080078125,123.5,168.9921875,71.96875,92.40576171875,59.84375,43.71630859375,53.78125,37.55908203125,32.5625,12.9775390625,75.0,77.296875,65.90625,65.02978515625,50.75,46.60546875,68.9375,40.8271484375,96.21875,59.44091796875,111.375,89.990234375
95,2227,91,39,Manchester United,20039,Anthony Martial,Right Foot,Normal,Goal,17/09/2017,Manchester United,Everton,2017/2018,Premier League,3468,Jordan Pickford,43.1875,300.7529296875,53.875,231.451171875,107.3125,152.1298828125,155.40625,163.56884765625,160.75,243.80859375,139.375,280.880859375,134.03125,157.89111328125,123.34375,82.91162109375,123.34375,72.22412109375,118.0,24.046875,37.84375,172.41943359375,53.875,113.888671875,85.9375,82.3271484375,160.75,88.83984375,176.78125,137.18408203125,187.46875,185.44482421875
96,14434,66,55,Fulham,10280,Aboubakar Kamara,Right Foot,Normal,Goal,08/12/2018,Manchester United,Fulham,2018/2019,Premier League,3333,David de Gea Quintana,79.8125,141.3876953125,66.375,106.240234375,52.9375,73.7802734375,63.6875,71.2607421875,77.125,98.345703125,87.875,125.388671875,61.0,71.21875,39.5,57.4453125,36.8125,54.7158203125,63.6875,82.0107421875,23.375,110.943359375,28.75,76.08984375,34.125,68.111328125,63.6875,41.6982421875,71.75,36.44921875,74.4375,25.7412109375
97,14571,30,37,Newcastle United,3049,Matt Ritchie,Left Foot,Normal,Saved,09/03/2019,Newcastle United,Everton,2018/2019,Premier League,3468,Jordan Pickford,20.5625,153.0087890625,61.6875,127.2138671875,96.9375,89.5771484375,91.0625,80.6728515625,58.75,121.29296875,23.5,158.9296875,94.0,86.59375,126.3125,54.7861328125,129.25,51.89453125,143.9375,28.6240234375,105.75,77.96484375,114.5625,69.2900390625,114.5625,48.7275390625,141.0,60.890625,96.9375,60.2021484375,94.0,68.96875
98,14336,29,22,Leicester City,10960,Jamie Vardy,Right Foot,Normal,Goal,29/09/2018,Newcastle United,Leicester City,2018/2019,Premier League,3711,Martin Dúbravka,,,,,,,,,,,,,,,,,,,,,,,,,,,,,,,,
99,2319,74,1,Arsenal,3712,Pierre-Emerick Aubameyang,Right Foot,Normal,Goal,01/04/2018,Arsenal,Stoke City,2017/2018,Premier League,3537,Jack Butland,132.75,317.63671875,82.125,254.970703125,115.875,182.373046875,138.375,177.099609375,104.625,260.947265625,132.75,323.26171875,115.875,182.373046875,87.75,86.30859375,87.75,80.68359375,70.875,24.169921875,110.25,126.03515625,65.25,119.70703125,48.375,91.318359375,127.125,86.923828125,144.0,120.9375,76.5,136.7578125
100,2319,88,1,Arsenal,3451,Alexandre Lacazette,Right Foot,Normal,Goal,01/04/2018,Arsenal,Stoke City,2017/2018,Premier League,3537,Jack Butland,164.3125,2.6455078125,67.5625,100.5712890625,64.875,79.029296875,99.8125,84.9501953125,78.3125,87.3017578125,164.3125,2.6455078125,72.9375,79.1552734375,86.375,44.427734375,91.75,47.19921875,27.25,32.75390625,83.6875,76.6357421875,51.4375,68.0693359375,81.0,38.96875,89.0625,57.9072265625,48.75,59.96484375,78.3125,79.2392578125
101,2175,63,36,Manchester City,3202,Gabriel Fernando de Jesus,Right Foot,Normal,Saved,22/04/2018,Manchester City,Swansea City,2017/2018,Premier League,3262,Łukasz Fabiański,81.0,135.71875,86.375,103.552734375,75.625,71.134765625,81.0,71.21875,86.375,106.240234375,94.4375,127.8662109375,75.625,71.134765625,78.3125,46.9892578125,81.0,44.34375,105.1875,20.5341796875,86.375,52.490234375,91.75,52.57421875,94.4375,44.5537109375,62.1875,46.7373046875,67.5625,60.2587890625,43.375,105.568359375
102,14419,34,58,Cardiff City,9917,Joe Ralls,Left Foot,Normal,Saved,04/12/2018,West Ham United,Cardiff City,2018/2019,Premier League,3262,Łukasz Fabiański,28.625,166.259765625,66.125,126.220703125,72.375,82.568359375,106.75,51.85546875,56.75,126.07421875,22.375,159.912109375,106.75,51.85546875,97.375,82.958984375,97.375,82.958984375,113.0,39.453125,106.75,145.60546875,119.25,130.17578125,103.625,92.431640625,94.25,86.03515625,88.0,82.8125,66.125,104.345703125
103,2158,70,22,Leicester City,10960,Jamie Vardy,Right Foot,Normal,Goal,31/01/2018,Everton,Leicester City,2017/2018,Premier League,3468,Jordan Pickford,66.8125,136.0908203125,56.4375,102.2099609375,61.625,60.791015625,90.15625,66.42431640625,84.96875,100.06201171875,77.1875,136.2529296875,77.1875,68.8154296875,82.375,53.333984375,82.375,50.740234375,108.3125,25.2080078125,82.375,61.115234375,53.84375,42.51318359375,108.3125,40.7705078125,100.53125,30.27392578125,84.96875,53.37451171875,144.625,5.025390625
104,2271,18,40,West Ham United,3874,Mark Noble,Right Foot,Normal,Goal,16/12/2017,Stoke City,West Ham United,2017/2018,Premier League,3537,Jack Butland,97.65625,185.83837890625,70.3125,154.1611328125,117.1875,119.7373046875,125.0,119.859375,160.15625,143.84619140625,199.21875,171.80029296875,117.1875,119.7373046875,78.125,87.876953125,78.125,83.970703125,54.6875,48.4482421875,128.90625,84.76416015625,74.21875,146.40966796875,70.3125,83.8486328125,89.84375,84.15380859375,105.46875,107.83544921875,125.0,135.484375
105,14462,57,33,Chelsea,3621,Eden Hazard,Right Foot,Normal,Goal,26/12/2018,Watford,Chelsea,2018/2019,Premier League,4053,Ben Foster,210.75,302.68359375,239.5,228.3828125,199.25,164.50390625,136.0,163.515625,107.25,203.31640625,49.75,254.16796875,176.25,169.89453125,153.25,94.78515625,153.25,89.03515625,118.75,48.24609375,199.25,153.00390625,251.0,102.0625,199.25,78.25390625,107.25,99.81640625,90.0,134.046875,113.0,122.90625
106,14531,73,34,Burnley,3661,Ashley Barnes,Right Foot,Normal,Goal,09/02/2019,Brighton & Hove Albion,Burnley,2018/2019,Premier League,3240,Mathew Ryan,128.21875,179.59716796875,95.40625,142.99072265625,98.6875,90.5419921875,82.28125,93.56689453125,33.0625,122.3291015625,62.59375,152.32177734375,92.125,93.720703125,62.59375,44.04052734375,59.3125,40.7080078125,52.75,11.07421875,72.4375,96.6943359375,82.28125,67.31689453125,72.4375,40.9130859375,52.75,47.16796875,42.90625,83.10791015625,49.46875,99.61669921875
107,14618,52,55,Fulham,4269,Aleksandar Mitrović,Right Foot,Normal,Goal,20/04/2019,AFC Bournemouth,Fulham,2018/2019,Premier League,20074,Artur Boruc,52.8125,252.4501953125,126.75,195.51171875,163.71875,143.27685546875,211.25,159.86328125,269.34375,176.61474609375,237.65625,255.33837890625,190.125,154.251953125,221.8125,80.8095703125,221.8125,80.8095703125,227.09375,28.07958984375,163.71875,137.99560546875,169.0,111.671875,184.84375,80.23193359375,258.78125,81.38720703125,301.03125,134.85986328125,311.59375,177.27490234375
108,14287,95,37,Newcastle United,3666,Robert Kenedy Nunes do Nascimento,Left Foot,Normal,Saved,18/08/2018,Cardiff City,Newcastle United,2018/2019,Premier League,9920,Neil Leonard Dula Etheridge,113.125,627.017578125,272.03125,470.59423828125,367.375,344.958984375,483.90625,357.37353515625,282.625,502.541015625,144.90625,595.73291015625,430.9375,345.9521484375,430.9375,187.0458984375,430.9375,187.0458984375,473.3125,92.3642578125,505.09375,537.79833984375,293.21875,280.23779296875,346.1875,175.1279296875,536.875,199.294921875,579.25,337.67578125,293.21875,354.39404296875
109,2355,24,36,Manchester City,10287,İlkay Gündoğan,Right Foot,Normal,Goal,14/04/2018,Tottenham Hotspur,Manchester City,2017/2018,Premier League,3099,Hugo Lloris,375.15625,712.92431640625,274.40625,535.03759765625,211.4375,420.7099609375,337.375,410.083984375,450.71875,550.38623046875,526.28125,727.87939453125,274.40625,421.69384765625,287.0,182.609375,287.0,182.609375,312.1875,44.4716796875,35.125,292.017578125,85.5,166.8671875,198.84375,181.23193359375,387.75,184.18359375,475.90625,286.31103515625,513.6875,425.4326171875
110,14511,86,39,Manchester United,20004,Paul Pogba,Right Foot,Normal,Goal,29/01/2019,Manchester United,Burnley,2018/2019,Premier League,4693,Tom Heaton,94.5,176.4765625,70.0,130.59375,98.0,106.53125,115.5,99.8046875,147.0,135.296875,189.0,181.453125,108.5,103.1953125,66.5,60.5390625,63.0,56.984375,49.0,21.765625,80.5,99.2578125,52.5,95.3203125,49.0,67.265625,84.0,50.3125,101.5,64.5859375,98.0,99.53125
111,2247,13,35,Brighton & Hove Albion,3085,Glenn Murray,Right Foot,Normal,Goal,31/01/2018,Southampton,Brighton & Hove Albion,2017/2018,Premier League,3619,Alex McCarthy,75.75,156.77734375,67.125,125.017578125,47.0,98.828125,44.125,95.908203125,52.75,127.66796875,52.75,156.41796875,47.0,98.828125,61.375,55.927734375,64.25,53.09765625,78.625,30.322265625,55.625,104.712890625,49.875,84.498046875,52.75,55.79296875,72.875,56.107421875,81.5,56.2421875,90.125,59.251953125
112,2181,17,28,AFC Bournemouth,3463,Junior Stanislas,Right Foot,Normal,Goal,21/10/2017,Stoke City,AFC Bournemouth,2017/2018,Premier League,3537,Jack Butland,,,,,,,,,,,,,,,,,,,,,,,,,,,,,,,,
113,14403,78,22,Leicester City,10960,Jamie Vardy,Right Foot,Normal,Goal,24/11/2018,Brighton & Hove Albion,Leicester City,2018/2019,Premier League,3240,Mathew Ryan,130.5,163.1953125,108.84375,122.63818359375,102.65625,82.32275390625,84.09375,78.93896484375,99.5625,128.6806640625,124.3125,163.0986328125,90.28125,82.12939453125,43.875,50.466796875,43.875,50.466796875,31.5,28.6171875,93.375,60.521484375,81.0,47.953125,43.875,47.373046875,40.78125,53.51220703125,43.875,65.935546875,53.15625,69.17431640625
114,2314,49,22,Leicester City,10960,Jamie Vardy,Right Foot,Normal,Goal,16/09/2017,Huddersfield Town,Leicester City,2017/2018,Premier League,3322,Jonas Lössl,,,,,,,,,,,,,,,,,,,,,,,,,,,,,,,,
115,14415,9,1,Arsenal,3712,Pierre-Emerick Aubameyang,Right Foot,Normal,Goal,02/12/2018,Arsenal,Tottenham Hotspur,2018/2019,Premier League,3099,Hugo Lloris,25.3125,401.5517578125,86.8125,317.9501953125,156.0,234.46875,225.1875,243.2373046875,232.875,358.669921875,217.5,396.8671875,186.75,234.94921875,186.75,88.88671875,186.75,104.26171875,202.125,19.939453125,102.1875,187.5029296875,86.8125,133.4501953125,125.25,87.92578125,255.9375,89.9677734375,271.3125,151.7080078125,271.3125,174.7705078125
116,14415,33,38,Tottenham Hotspur,10955,Harry Kane,Right Foot,Normal,Goal,02/12/2018,Arsenal,Tottenham Hotspur,2018/2019,Premier League,15581,Bernd Leno,64.4375,171.4130859375,70.625,128.197265625,73.71875,106.58935546875,89.1875,109.9248046875,86.09375,128.43896484375,89.1875,168.7060546875,76.8125,106.6376953125,86.09375,66.56396484375,83.0,66.515625,95.375,38.865234375,92.28125,51.19189453125,73.71875,69.46435546875,86.09375,63.47021484375,83.0,60.328125,55.15625,75.36181640625,58.25,69.22265625
117,2085,38,22,Leicester City,10960,Jamie Vardy,Right Foot,Normal,Goal,20/01/2018,Leicester City,Watford,2017/2018,Premier League,3742,Orestis Karnezis,,,,,,,,,,,,,,,,,,,,,,,,,,,,,,,,
118,2292,74,35,Brighton & Hove Albion,3085,Glenn Murray,Right Foot,Normal,Goal,20/10/2017,West Ham United,Brighton & Hove Albion,2017/2018,Premier League,3291,Joe Hart,465.0,801.265625,255.0,572.984375,375.0,499.859375,495.0,456.734375,750.0,685.71875,825.0,881.890625,420.0,470.5625,360.0,244.625,345.0,214.390625,315.0,33.921875,105.0,585.640625,165.0,436.578125,210.0,257.28125,495.0,216.734375,645.0,324.078125,720.0,520.25
119,2338,91,31,Crystal Palace,3455,Luka Milivojević,Right Foot,Normal,Saved,31/12/2017,Crystal Palace,Manchester City,2017/2018,Premier League,3067,Ederson Santana de Moraes,50.75,161.79296875,62.875,143.794921875,62.875,86.201171875,50.75,131.48046875,84.09375,110.78271484375,56.8125,161.8876953125,62.875,92.263671875,62.875,49.826171875,62.875,46.794921875,75.0,19.703125,68.9375,86.2958984375,23.46875,58.30419921875,44.6875,43.4794921875,81.0625,50.1103515625,17.40625,58.20947265625,17.40625,73.36572265625
120,14655,77,40,West Ham United,3874,Mark Noble,Right Foot,Normal,Goal,12/05/2019,Watford,West Ham United,2018/2019,Premier League,4053,Ben Foster,61.8125,295.7158203125,78.78125,194.16845703125,124.03125,200.53173828125,163.625,201.150390625,163.625,235.087890625,152.3125,263.1923828125,146.65625,200.88525390625,141.0,93.328125,141.0,82.015625,141.0,25.453125,90.09375,160.40771484375,56.15625,148.56494140625,90.09375,92.53271484375,186.25,99.69140625,225.84375,145.56005859375,259.78125,146.09033203125
121,2011,17,29,Everton,3538,Wayne Mark Rooney,Right Foot,Normal,Saved,29/11/2017,Everton,West Ham United,2017/2018,Premier League,3291,Joe Hart,144.96875,246.03076171875,159.875,201.544921875,85.34375,175.53662109375,100.25,175.76953125,154.90625,181.59228515625,144.96875,231.12451171875,90.3125,175.6142578125,144.96875,91.99951171875,140.0,96.890625,169.8125,52.6376953125,149.9375,141.7646484375,204.59375,132.68115234375,120.125,96.580078125,169.8125,97.3564453125,189.6875,127.4794921875,209.5625,132.7587890625
122,2011,58,40,West Ham United,3595,Manuel Lanzini,Right Foot,Normal,Saved,29/11/2017,Everton,West Ham United,2017/2018,Premier League,3468,Jordan Pickford,,,,,,,,,,,,,,,,,,,,,,,,,,,,,,,,
123,2103,62,26,Swansea City,3450,Jordan Ayew,Right Foot,Normal,Goal,03/03/2018,Swansea City,West Ham United,2017/2018,Premier League,3623,Adrián San Miguel del Castillo,247.0,252.609375,209.0,185.515625,152.0,137.125,99.75,141.05859375,66.5,159.5390625,71.25,240.36328125,128.25,136.75390625,133.0,70.328125,133.0,75.078125,133.0,37.078125,251.75,148.18359375,209.0,109.515625,171.0,66.171875,95.0,69.734375,61.75,126.21484375,33.25,182.76953125
124,14478,94,31,Crystal Palace,3455,Luka Milivojević,Right Foot,Normal,Goal,02/01/2019,Wolverhampton Wanderers,Crystal Palace,2018/2019,Premier League,5205,Rui Pedro dos Santos Patrício,157.6875,279.8076171875,89.8125,222.1845703125,106.78125,182.85595703125,163.34375,172.42724609375,214.25,246.75390625,265.15625,315.42431640625,135.0625,177.6416015625,118.09375,81.22021484375,118.09375,75.56396484375,123.75,7.77734375,61.53125,193.46142578125,55.875,114.185546875,61.53125,91.64892578125,169.0,76.359375,202.9375,116.4833984375,236.875,162.263671875
125,2050,67,39,Manchester United,3385,Alexis Alejandro Sánchez Sánchez,Right Foot,Normal,Saved,03/02/2018,Manchester United,Huddersfield Town,2017/2018,Premier League,3322,Jonas Lössl,231.5625,217.9931640625,69.0625,142.3291015625,81.25,114.08203125,117.8125,122.7783203125,117.8125,167.4658203125,97.5,159.0234375,101.5625,118.4619140625,125.9375,53.8427734375,125.9375,57.9052734375,142.1875,29.7216796875,32.5,141.7578125,69.0625,77.3291015625,97.5,49.3359375,146.25,62.28515625,150.3125,90.7861328125,162.5,115.3515625
126,2284,34,28,AFC Bournemouth,3346,Joshua King,Right Foot,Normal,Goal,03/03/2018,Leicester City,AFC Bournemouth,2017/2018,Premier League,3815,Kasper Schmeichel,91.25,136.47265625,91.25,121.16015625,66.75,99.33984375,79.0,99.53125,97.375,124.318359375,109.625,155.134765625,72.875,99.435546875,63.6875,62.5419921875,63.6875,62.5419921875,75.9375,29.0458984375,42.25,141.83203125,26.9375,110.9677734375,48.375,68.427734375,75.9375,59.6708984375,85.125,81.251953125,91.25,87.47265625
127,14356,59,31,Crystal Palace,3455,Luka Milivojević,Right Foot,Normal,Saved,21/10/2018,Everton,Crystal Palace,2018/2019,Premier League,3468,Jordan Pickford,58.09375,301.93896484375,110.90625,223.54541015625,169.0,145.234375,211.25,172.30078125,290.46875,194.66357421875,63.375,307.302734375,184.84375,156.04443359375,258.78125,93.82470703125,264.0625,72.7822265625,269.34375,35.89599609375,132.03125,160.50048828125,158.4375,113.3818359375,216.53125,72.03955078125,253.5,99.0234375,232.375,125.099609375,190.125,177.251953125
128,14585,47,28,AFC Bournemouth,3346,Joshua King,Right Foot,Normal,Goal,16/03/2019,AFC Bournemouth,Newcastle United,2018/2019,Premier League,3711,Martin Dúbravka,62.84375,139.88818359375,71.0,112.828125,90.03125,94.09423828125,100.90625,94.26416015625,73.71875,112.87060546875,87.3125,137.5517578125,95.46875,94.17919921875,84.59375,58.66552734375,84.59375,53.22802734375,92.75,28.88671875,32.9375,85.0458984375,49.25,68.98828125,62.84375,50.16943359375,100.90625,58.92041015625,114.5,72.7265625,71.0,58.453125
129,2237,66,33,Chelsea,3621,Eden Hazard,Right Foot,Normal,Goal,03/01/2018,Arsenal,Chelsea,2017/2018,Premier League,3461,Petr Čech,89.3125,214.2861328125,93.25,155.28515625,112.9375,112.2802734375,140.5,116.6484375,116.875,163.529296875,128.6875,214.9013671875,128.6875,116.4638671875,136.5625,69.3369140625,136.5625,65.3994140625,144.4375,30.0849609375,81.4375,96.0380859375,93.25,64.72265625,116.875,57.216796875,156.25,65.70703125,172.0,85.640625,156.25,109.01953125
130,14473,81,55,Fulham,10280,Aboubakar Kamara,Right Foot,Normal,Saved,29/12/2018,Fulham,Huddersfield Town,2018/2019,Premier League,3322,Jonas Lössl,33.25,256.51953125,109.25,205.45703125,156.75,139.69921875,194.75,159.29296875,218.5,197.6640625,156.75,248.94921875,175.75,149.49609375,209.0,83.515625,213.75,74.08984375,232.75,26.88671875,142.5,106.2265625,166.25,106.59765625,180.5,73.5703125,242.25,93.53515625,251.75,141.18359375,261.25,184.08203125
131,2221,76,29,Everton,3538,Wayne Mark Rooney,Right Foot,Normal,Goal,10/12/2017,Liverpool,Everton,2017/2018,Premier League,3539,Simon Mignolet,24.03125,258.85986328125,76.625,202.306640625,119.65625,126.47900390625,162.6875,141.4951171875,157.90625,222.70166015625,19.25,263.56640625,138.78125,131.55908203125,153.125,74.408203125,153.125,79.189453125,134.0,40.640625,47.9375,96.6708984375,81.40625,73.28759765625,129.21875,69.25341796875,172.25,79.48828125,210.5,108.7734375,129.21875,255.72216796875
132,2108,40,31,Crystal Palace,3455,Luka Milivojević,Right Foot,Normal,Goal,09/12/2017,Crystal Palace,AFC Bournemouth,2017/2018,Premier League,3339,Asmir Begović,,,,,,,,,,,,,,,,,,,,,,,,,,,,,,,,
133,2108,92,31,Crystal Palace,3380,Christian Benteke Liolo,Right Foot,Normal,Saved,09/12/2017,Crystal Palace,AFC Bournemouth,2017/2018,Premier League,3339,Asmir Begović,,,,,,,,,,,,,,,,,,,,,,,,,,,,,,,,
134,14520,24,31,Crystal Palace,3455,Luka Milivojević,Right Foot,Normal,Goal,02/02/2019,Crystal Palace,Fulham,2018/2019,Premier League,6823,Sergio Rico González,45.96875,131.71826171875,57.09375,106.86083984375,73.78125,87.65283203125,90.46875,85.13232421875,76.5625,112.7275390625,57.09375,140.23583984375,82.125,87.783203125,68.21875,54.19091796875,68.21875,48.62841796875,57.09375,23.42333984375,45.96875,92.78076171875,48.75,76.13671875,57.09375,54.01708984375,82.125,51.626953125,101.59375,71.39990234375,107.15625,99.29931640625
135,2333,89,31,Crystal Palace,3380,Christian Benteke Liolo,Right Foot,Normal,Goal,28/04/2018,Crystal Palace,Leicester City,2017/2018,Premier League,4621,Ben Hamer,30.96875,148.71826171875,112.34375,112.20849609375,103.625,94.634765625,100.71875,94.58935546875,77.46875,105.85107421875,28.0625,134.1416015625,106.53125,94.68017578125,129.78125,54.35595703125,135.59375,51.54052734375,153.03125,28.56298828125,109.4375,83.1005859375,103.625,68.478515625,123.96875,51.35888671875,135.59375,57.35302734375,129.78125,74.69970703125,118.15625,89.04931640625
136,14432,67,29,Everton,3944,Gylfi Þór Sigurðsson,Right Foot,Normal,Saved,10/12/2018,Everton,Watford,2018/2019,Premier League,4053,Ben Foster,175.0,250.234375,125.78125,200.24658203125,147.65625,173.24462890625,185.9375,179.3115234375,246.09375,229.47021484375,196.875,217.763671875,169.53125,173.58642578125,169.53125,86.08642578125,169.53125,86.08642578125,169.53125,31.39892578125,87.5,84.8046875,92.96875,112.23388671875,131.25,85.48828125,202.34375,86.59912109375,235.15625,114.45556640625,235.15625,125.39306640625
137,14449,37,58,Cardiff City,11290,Callum Paterson,Right Foot,Normal,Goal,22/12/2018,Cardiff City,Manchester United,2018/2019,Premier League,3333,David de Gea Quintana,82.375,169.787109375,53.125,136.423828125,86.03125,107.68798828125,104.3125,107.9736328125,111.625,151.962890625,151.84375,189.15380859375,97.0,107.859375,78.71875,63.69873046875,75.0625,56.3291015625,60.4375,23.1943359375,64.09375,125.62646484375,71.40625,92.83447265625,64.09375,59.81396484375,93.34375,60.27099609375,111.625,93.462890625,122.59375,126.54052734375
138,14449,56,39,Manchester United,3293,Jesse Lingard,Right Foot,Normal,Goal,22/12/2018,Cardiff City,Manchester United,2018/2019,Premier League,9920,Neil Leonard Dula Etheridge,44.8125,155.5439453125,47.96875,114.56201171875,89.0,93.109375,92.15625,93.15869140625,35.34375,108.05224609375,148.96875,169.79638671875,92.15625,93.15869140625,63.75,54.83984375,60.59375,51.63427734375,41.65625,22.93212890625,63.75,95.87109375,73.21875,51.83154296875,70.0625,48.6259765625,57.4375,57.8974609375,63.75,83.24609375,54.28125,92.56689453125
139,2036,54,31,Crystal Palace,3455,Luka Milivojević,Right Foot,Normal,Goal,04/02/2018,Crystal Palace,Newcastle United,2017/2018,Premier League,3649,Karl Darlow,,,,,,,,,,,,,,,,,,,,,,,,,,,,,,,,
140,2020,88,27,West Bromwich Albion,3685,Jay Rodriguez,Right Foot,Normal,Goal,31/12/2017,West Bromwich Albion,Arsenal,2017/2018,Premier League,3461,Petr Čech,97.0,32.09375,116.75,150.90234375,87.125,180.064453125,101.9375,180.2958984375,97.0,160.46875,82.1875,273.7998046875,101.9375,180.2958984375,82.1875,91.1123046875,87.125,91.189453125,77.25,46.59765625,101.9375,22.2958984375,101.9375,22.2958984375,92.0625,76.4541015625,62.4375,110.5537109375,72.3125,105.7705078125,92.0625,71.5166015625
141,14326,41,38,Tottenham Hotspur,10955,Harry Kane,Right Foot,Normal,Goal,22/09/2018,Brighton & Hove Albion,Tottenham Hotspur,2018/2019,Premier League,3240,Mathew Ryan,94.25,133.67578125,108.0,100.890625,69.5,92.0390625,75.0,34.375,55.75,116.57421875,28.25,146.39453125,66.75,91.99609375,64.0,67.203125,66.75,69.99609375,42.0,61.359375,99.75,65.01171875,94.25,70.42578125,72.25,53.58203125,53.0,83.53125,53.0,105.53125,80.5,53.7109375
142,2077,76,23,Watford,3454,Troy Deeney,Right Foot,Normal,Goal,28/11/2017,Watford,Manchester United,2017/2018,Premier League,3333,David de Gea Quintana,25.4375,272.2568359375,99.5,219.1015625,129.125,165.251953125,173.5625,170.8837890625,203.1875,191.0966796875,168.625,274.494140625,153.8125,165.6376953125,168.625,81.931640625,168.625,67.119140625,183.4375,22.9130859375,89.625,184.384765625,99.5,130.2265625,124.1875,81.2373046875,208.125,87.486328125,218.0,146.890625,232.8125,196.4970703125
143,14613,18,39,Manchester United,20004,Paul Pogba,Right Foot,Normal,Goal,13/04/2019,Manchester United,West Ham United,2018/2019,Premier League,3262,Łukasz Fabiański,36.96875,174.35888671875,82.0625,147.3134765625,92.46875,109.31982421875,85.53125,105.74267578125,78.59375,140.32177734375,43.90625,170.99853515625,95.9375,109.3740234375,85.53125,60.64892578125,85.53125,60.64892578125,61.25,35.98828125,61.25,112.30078125,106.34375,165.03662109375,71.65625,63.90087890625,99.40625,57.39697265625,123.6875,71.6513671875,95.9375,92.0302734375
144,14613,79,39,Manchester United,20004,Paul Pogba,Right Foot,Normal,Goal,13/04/2019,Manchester United,West Ham United,2018/2019,Premier League,3262,Łukasz Fabiański,123.5,180.7421875,92.0,138.25,67.5,95.8671875,88.5,89.1953125,116.5,135.1328125,130.5,170.3515625,78.0,96.03125,92.0,61.25,95.5,57.8046875,120.0,30.1875,32.5,105.8203125,43.0,70.984375,81.5,57.5859375,106.0,61.46875,81.5,68.0859375,95.5,85.8046875
145,7306,49,35,Brighton & Hove Albion,3097,Pascal Groß,Right Foot,Normal,Goal,17/04/2018,Brighton & Hove Albion,Tottenham Hotspur,2017/2018,Premier League,3099,Hugo Lloris,69.0,137.921875,80.375,115.349609375,54.78125,75.13720703125,46.25,69.31640625,63.3125,9.8642578125,80.375,135.255859375,51.9375,75.0927734375,80.375,58.474609375,80.375,58.474609375,97.4375,35.9912109375,54.78125,86.51220703125,60.46875,72.38232421875,86.0625,61.4072265625,77.53125,58.43017578125,66.15625,75.31494140625,97.4375,67.2724609375
146,2041,88,36,Manchester City,3233,Raheem Shaquille Sterling,Right Foot,Normal,Goal,16/09/2017,Watford,Manchester City,2017/2018,Premier League,3522,Heurelho da Silva Gomes,199.375,237.771484375,149.125,190.923828125,90.5,148.1328125,94.6875,148.1982421875,174.25,199.69140625,174.25,229.00390625,98.875,144.076171875,73.75,76.68359375,82.125,55.876953125,69.5625,43.1181640625,165.875,119.998046875,73.75,110.18359375,44.4375,84.6005859375,103.0625,60.3916015625,90.5,131.3828125,107.25,165.14453125
147,14652,22,58,Cardiff City,9921,Nathaniel Mendez-Laing,Right Foot,Normal,Goal,12/05/2019,Manchester United,Cardiff City,2018/2019,Premier League,3333,David de Gea Quintana,221.4375,277.1630859375,92.25,200.61328125,92.25,165.83203125,117.09375,156.28271484375,166.78125,216.68408203125,107.15625,275.37744140625,107.15625,156.12744140625,92.25,76.39453125,87.28125,61.41064453125,136.96875,12.49951171875,17.71875,194.47998046875,27.65625,139.97900390625,47.53125,80.66455078125,127.03125,81.90673828125,176.71875,97.58935546875,12.75,194.40234375
148,14347,85,36,Manchester City,3814,Riyad Mahrez,Left Foot,Normal,Off T,07/10/2018,Liverpool,Manchester City,2018/2019,Premier League,5547,Alisson Ramsés Becker,65.125,296.376953125,54.0,218.328125,92.9375,174.4365234375,143.0,169.65625,181.9375,220.3271484375,254.25,304.89453125,120.75,174.87109375,109.625,85.697265625,109.625,80.134765625,120.75,13.55859375,48.4375,201.5537109375,54.0,151.578125,70.6875,90.6513671875,154.125,86.392578125,198.625,131.587890625,232.0,187.734375
149,2128,37,25,Southampton,3831,Dušan Tadić,Left Foot,Normal,Goal,19/08/2017,Southampton,West Ham United,2017/2018,Premier League,3291,Joe Hart,,,,,,,,,,,,,,,,,,,,,,,,,,,,,,,,
150,2128,92,25,Southampton,3966,Charlie Austin,Right Foot,Normal,Goal,19/08/2017,Southampton,West Ham United,2017/2018,Premier League,3291,Joe Hart,,,,,,,,,,,,,,,,,,,,,,,,,,,,,,,,
151,2344,29,36,Manchester City,3237,Sergio Leonel Agüero del Castillo,Right Foot,Normal,Goal,21/10/2017,Manchester City,Burnley,2017/2018,Premier League,3474,Nick Pope,,,,,,,,,,,,,,,,,,,,,,,,,,,,,,,,
152,14541,13,28,AFC Bournemouth,3346,Joshua King,Right Foot,Normal,Goal,23/02/2019,AFC Bournemouth,Wolverhampton Wanderers,2018/2019,Premier League,5205,Rui Pedro dos Santos Patrício,40.375,210.380859375,80.6875,170.6982421875,112.9375,142.9833984375,116.96875,143.04638671875,177.4375,152.0537109375,121.0,191.484375,112.9375,134.9208984375,133.09375,78.79833984375,141.15625,74.89306640625,169.375,59.208984375,137.125,111.111328125,133.09375,119.11083984375,129.0625,74.7041015625,141.15625,74.89306640625,84.71875,134.47998046875,88.75,142.60546875
153,14541,82,46,Wolverhampton Wanderers,5568,Raúl Alonso Jiménez Rodríguez,Right Foot,Normal,Goal,23/02/2019,AFC Bournemouth,Wolverhampton Wanderers,2018/2019,Premier League,20074,Artur Boruc,,,,,,,,,,,,,,,,,,,,,,,,,,,,,,,,
154,14541,84,28,AFC Bournemouth,3346,Joshua King,Right Foot,Normal,Post,23/02/2019,AFC Bournemouth,Wolverhampton Wanderers,2018/2019,Premier League,5205,Rui Pedro dos Santos Patrício,,,,,,,,,,,,,,,,,,,,,,,,,,,,,,,,
155,2240,35,35,Brighton & Hove Albion,3085,Glenn Murray,Right Foot,Normal,Off T,16/12/2017,Brighton & Hove Albion,Burnley,2017/2018,Premier League,3474,Nick Pope,126.65625,275.51025390625,72.375,196.255859375,168.875,173.638671875,205.0625,174.2041015625,72.375,202.287109375,289.5,278.0546875,193.0,174.015625,120.625,88.447265625,120.625,82.416015625,150.78125,88.91845703125,132.6875,154.9794921875,144.75,125.01171875,102.53125,88.16455078125,156.8125,76.9501953125,174.90625,71.20166015625,168.875,77.138671875
156,2305,52,39,Manchester United,3289,Romelu Lukaku Menama,Left Foot,Normal,Saved,26/08/2017,Manchester United,Leicester City,2017/2018,Premier League,3815,Kasper Schmeichel,261.625,383.587890625,317.6875,319.0576171875,373.75,273.21484375,308.34375,244.16162109375,224.25,298.91015625,112.125,362.564453125,345.71875,254.08935546875,448.5,134.2265625,457.84375,96.99755859375,476.53125,31.88330078125,485.875,302.998046875,411.125,189.705078125,485.875,153.498046875,383.09375,114.51708984375,336.375,169.849609375,308.34375,225.47412109375
157,14453,51,31,Crystal Palace,3455,Luka Milivojević,Right Foot,Normal,Goal,22/12/2018,Manchester City,Crystal Palace,2018/2019,Premier League,3067,Ederson Santana de Moraes,66.65625,319.35400390625,192.5625,239.8525390625,274.03125,174.46923828125,318.46875,197.38232421875,348.09375,271.90771484375,251.8125,314.8408203125,296.25,189.62890625,370.3125,94.5048828125,370.3125,101.9111328125,370.3125,57.4736328125,237.0,129.453125,259.21875,63.14404296875,333.28125,86.52001953125,414.75,102.60546875,259.21875,63.14404296875,244.40625,122.16259765625
158,14281,33,28,AFC Bournemouth,3616,Callum Wilson,Right Foot,Normal,Saved,11/08/2018,AFC Bournemouth,Cardiff City,2018/2019,Premier League,9920,Neil Leonard Dula Etheridge,50.0,224.78125,85.0,180.328125,130.0,146.03125,180.0,156.8125,210.0,177.28125,155.0,251.421875,155.0,151.421875,170.0,71.65625,170.0,76.65625,195.0,27.046875,105.0,135.640625,105.0,100.640625,135.0,66.109375,205.0,72.203125,240.0,107.75,245.0,122.828125
159,1986,70,23,Watford,3454,Troy Deeney,Right Foot,Normal,Goal,14/10/2017,Watford,Arsenal,2017/2018,Premier League,3461,Petr Čech,171.875,186.091796875,128.90625,161.98291015625,121.09375,95.45458984375,109.375,103.083984375,128.90625,158.07666015625,136.71875,208.97998046875,113.28125,103.14501953125,82.03125,59.68798828125,70.3125,55.5986328125,125.0,21.296875,136.71875,83.97998046875,93.75,83.30859375,85.9375,55.8427734375,62.5,67.1953125,74.21875,106.44091796875,46.875,106.013671875
160,14517,93,34,Burnley,3661,Ashley Barnes,Right Foot,Normal,Goal,02/02/2019,Burnley,Southampton,2018/2019,Premier League,3619,Alex McCarthy,34.875,140.232421875,60.46875,115.03857421875,46.25,86.37890625,63.3125,83.8017578125,86.0625,109.7509765625,74.6875,132.3232421875,54.78125,83.66845703125,63.3125,58.2080078125,66.15625,55.40869140625,86.0625,38.6572265625,74.6875,101.0419921875,46.25,66.47265625,54.78125,58.07470703125,71.84375,55.49755859375,74.6875,66.9169921875,71.84375,78.24755859375
161,14452,41,25,Southampton,3654,Daniel William John Ings,Right Foot,Normal,Goal,22/12/2018,Huddersfield Town,Southampton,2018/2019,Premier League,3322,Jonas Lössl,,,,,,,,,,,,,,,,,,,,,,,,,,,,,,,,
162,14540,80,31,Crystal Palace,3455,Luka Milivojević,Right Foot,Normal,Goal,23/02/2019,Leicester City,Crystal Palace,2018/2019,Premier League,3815,Kasper Schmeichel,177.4375,233.7099609375,125.25,191.14453125,135.6875,149.5576171875,167.0,139.609375,213.96875,171.65576171875,260.9375,208.9208984375,151.34375,144.58349609375,135.6875,71.2763671875,140.90625,71.35791015625,130.46875,24.22607421875,31.3125,127.0517578125,73.0625,96.3916015625,109.59375,70.86865234375,167.0,66.546875,198.3125,87.9111328125,203.53125,98.43017578125
163,2168,72,22,Leicester City,10960,Jamie Vardy,Right Foot,Normal,Saved,23/09/2017,Leicester City,Liverpool,2017/2018,Premier League,3539,Simon Mignolet,739.0,869.09375,687.625,628.541015625,584.875,455.685546875,396.5,452.7421875,242.375,690.083984375,156.75,962.74609375,482.125,454.080078125,465.0,179.8125,447.875,162.419921875,396.5,7.4921875,824.625,425.181640625,721.875,269.451171875,584.875,164.560546875,345.125,177.939453125,208.125,278.548828125,105.375,379.693359375
164,14385,29,25,Southampton,3654,Daniel William John Ings,Right Foot,Normal,Goal,04/11/2018,Manchester City,Southampton,2018/2019,Premier League,3067,Ederson Santana de Moraes,101.96875,302.70263671875,49.9375,226.7333984375,125.09375,175.87646484375,159.78125,170.63720703125,182.90625,234.59228515625,177.125,263.408203125,142.4375,164.5849609375,101.96875,77.23388671875,101.96875,88.79638671875,78.84375,36.40380859375,61.5,203.7890625,61.5,151.7578125,55.71875,93.85498046875,148.21875,66.39404296875,200.25,101.89453125,246.5,137.3046875
165,14278,44,33,Chelsea,7024,Jorge Luiz Frello Filho,Right Foot,Normal,Goal,11/08/2018,Huddersfield Town,Chelsea,2018/2019,Premier League,4621,Ben Hamer,198.5,242.9609375,159.96875,173.85888671875,100.03125,134.39111328125,100.03125,125.82861328125,142.84375,173.59130859375,194.21875,200.08154296875,91.46875,129.97607421875,82.90625,74.18603515625,108.59375,48.89990234375,117.15625,14.78369140625,138.5625,134.9931640625,104.3125,87.3642578125,91.46875,65.75732421875,100.03125,53.04736328125,117.15625,91.84619140625,130.0,117.734375
166,1990,50,35,Brighton & Hove Albion,3085,Glenn Murray,Right Foot,Normal,Goal,02/12/2017,Brighton & Hove Albion,Liverpool,2017/2018,Premier League,3539,Simon Mignolet,33.71875,124.62060546875,54.46875,106.78857421875,80.40625,81.25634765625,72.625,75.947265625,49.28125,91.14501953125,31.125,127.173828125,75.21875,75.98779296875,95.96875,60.74951171875,98.5625,60.7900390625,124.5,87.1328125,93.375,115.177734375,93.375,97.021484375,106.34375,60.91162109375,95.96875,52.96826171875,83.0,63.140625,93.375,50.333984375
167,2083,61,23,Watford,3454,Troy Deeney,Right Foot,Normal,Saved,11/03/2018,Arsenal,Watford,2017/2018,Premier League,3461,Petr Čech,,,,,,,,,,,,,,,,,,,,,,,,,,,,,,,,
168,2294,17,35,Brighton & Hove Albion,3085,Glenn Murray,Right Foot,Normal,Goal,24/02/2018,Brighton & Hove Albion,Swansea City,2017/2018,Premier League,3262,Łukasz Fabiański,59.65625,122.43212890625,67.4375,91.4287109375,80.40625,65.69384765625,98.5625,65.9775390625,77.8125,94.1845703125,64.84375,122.51318359375,90.78125,65.85595703125,67.4375,39.5537109375,64.84375,36.91943359375,41.5,18.3984375,72.625,68.166015625,80.40625,50.13134765625,67.4375,29.1787109375,70.03125,39.59423828125,106.34375,68.69287109375,114.125,89.564453125
169,14604,80,31,Crystal Palace,3455,Luka Milivojević,Right Foot,Normal,Goal,06/04/2019,Newcastle United,Crystal Palace,2018/2019,Premier League,3711,Martin Dúbravka,30.625,143.541015625,49.0,125.453125,82.6875,119.8544921875,113.3125,95.8330078125,147.0,114.734375,128.625,148.134765625,104.125,92.626953125,116.375,83.630859375,113.3125,86.6455078125,131.6875,77.7451171875,143.9375,44.2490234375,131.6875,56.3076171875,116.375,74.443359375,125.5625,86.8369140625,147.0,114.734375,147.0,44.296875
170,2282,38,23,Watford,3454,Troy Deeney,Right Foot,Normal,Saved,05/05/2018,Watford,Newcastle United,2017/2018,Premier League,3711,Martin Dúbravka,,,,,,,,,,,,,,,,,,,,,,,,,,,,,,,,
171,14583,14,40,West Ham United,3874,Mark Noble,Right Foot,Normal,Goal,16/03/2019,West Ham United,Huddersfield Town,2018/2019,Premier League,3322,Jonas Lössl,53.9375,297.3427734375,109.875,247.873046875,171.40625,164.92822265625,227.34375,182.58349609375,238.53125,221.91455078125,171.40625,321.55322265625,199.375,176.552734375,238.53125,93.25830078125,238.53125,87.66455078125,255.3125,26.3955078125,216.15625,143.25244140625,171.40625,120.17822265625,199.375,75.865234375,283.28125,99.55126953125,288.875,161.169921875,288.875,228.294921875
172,2144,42,30,Stoke City,4630,Saido Berahino,Right Foot,Normal,Saved,30/09/2017,Stoke City,Southampton,2017/2018,Premier League,3970,Fraser Forster,,,,,,,,,,,,,,,,,,,,,,,,,,,,,,,,
173,2076,49,31,Crystal Palace,3455,Luka Milivojević,Right Foot,Normal,Goal,28/10/2017,Crystal Palace,West Ham United,2017/2018,Premier League,3291,Joe Hart,134.9375,191.5458984375,162.71875,152.29248046875,111.125,119.736328125,134.9375,128.0458984375,83.34375,162.95849609375,31.75,193.90234375,119.0625,119.8603515625,150.8125,88.6064453125,150.8125,88.6064453125,206.375,69.630859375,146.84375,104.41943359375,158.75,100.63671875,138.90625,80.48291015625,162.71875,76.88623046875,146.84375,84.57568359375,134.9375,84.3896484375
174,2133,91,1,Arsenal,3385,Alexis Alejandro Sánchez Sánchez,Right Foot,Normal,Goal,26/11/2017,Burnley,Arsenal,2017/2018,Premier League,3474,Nick Pope,,,,,,,,,,,,,,,,,,,,,,,,,,,,,,,,
175,14370,13,28,AFC Bournemouth,3616,Callum Wilson,Right Foot,Normal,Goal,27/10/2018,Fulham,AFC Bournemouth,2018/2019,Premier League,6823,Sergio Rico González,65.65625,268.46337890625,143.25,221.92578125,179.0625,168.7666015625,220.84375,169.41943359375,214.875,211.107421875,238.75,277.13671875,196.96875,163.07763671875,250.6875,86.3232421875,256.65625,80.44775390625,292.46875,39.22607421875,167.125,162.611328125,185.03125,115.14111328125,220.84375,79.88818359375,304.40625,93.13134765625,322.3125,182.9423828125,244.71875,157.85498046875
176,14389,57,39,Manchester United,20039,Anthony Martial,Right Foot,Normal,Goal,11/11/2018,Manchester City,Manchester United,2018/2019,Premier League,3067,Ederson Santana de Moraes,,,,,,,,,,,,,,,,,,,,,,,,,,,,,,,,
177,2349,5,29,Everton,3518,Leighton Baines,Left Foot,Normal,Goal,18/11/2017,Crystal Palace,Everton,2017/2018,Premier League,3487,Julián Speroni,138.40625,129.78759765625,128.75,91.01171875,119.09375,71.54833984375,99.78125,74.46533203125,125.53125,103.83642578125,77.25,151.36328125,106.21875,74.56591796875,99.78125,58.37158203125,103.0,51.984375,119.09375,87.64208984375,115.875,74.716796875,106.21875,64.90966796875,90.125,51.783203125,80.46875,64.50732421875,138.40625,78.28759765625,67.59375,38.55615234375
178,2109,46,36,Manchester City,3237,Sergio Leonel Agüero del Castillo,Right Foot,Normal,Goal,26/11/2017,Huddersfield Town,Manchester City,2017/2018,Premier League,3322,Jonas Lössl,361.125,362.455078125,86.9375,217.7333984375,207.3125,206.2392578125,240.75,193.38671875,314.3125,274.7861328125,347.75,342.18359375,207.3125,206.2392578125,193.9375,99.0302734375,193.9375,92.3427734375,214.0,19.09375,200.625,152.634765625,100.3125,137.6923828125,140.4375,91.5068359375,240.75,106.44921875,260.8125,146.8876953125,260.8125,166.9501953125
179,14464,21,29,Everton,3944,Gylfi Þór Sigurðsson,Right Foot,Normal,Goal,26/12/2018,Burnley,Everton,2018/2019,Premier League,3291,Joe Hart,39.375,145.833984375,78.75,120.19921875,98.4375,90.9755859375,105.0,94.359375,131.25,124.30078125,111.5625,153.5244140625,105.0,91.078125,118.125,84.720703125,118.125,84.720703125,141.09375,78.51708984375,121.40625,91.33447265625,118.125,78.158203125,118.125,88.001953125,124.6875,94.6669921875,131.25,124.30078125,131.25,42.26953125
180,14521,6,46,Wolverhampton Wanderers,9927,Rúben Diogo Da Silva Neves,Right Foot,Normal,Goal,02/02/2019,Everton,Wolverhampton Wanderers,2018/2019,Premier League,3468,Jordan Pickford,56.5,377.3203125,105.9375,293.3427734375,183.625,195.681640625,254.25,189.72265625,331.9375,282.7490234375,402.5625,382.7275390625,218.9375,196.2333984375,240.125,97.689453125,240.125,97.689453125,240.125,20.001953125,98.875,222.607421875,134.1875,145.4716796875,197.75,89.96484375,296.625,105.634765625,324.875,169.638671875,367.25,233.86328125
181,14472,74,22,Leicester City,9905,James Maddison,Right Foot,Normal,Saved,29/12/2018,Leicester City,Cardiff City,2018/2019,Premier League,9920,Neil Leonard Dula Etheridge,100.28125,259.50439453125,43.5625,186.4306640625,84.8125,166.4501953125,136.375,156.943359375,208.5625,225.1025390625,249.8125,297.9345703125,110.59375,166.85302734375,115.75,79.27734375,115.75,68.96484375,120.90625,17.48291015625,28.09375,165.56396484375,33.25,103.76953125,64.1875,73.3154296875,157.0,85.078125,187.9375,121.6552734375,229.1875,132.6123046875
182,2236,82,31,Crystal Palace,3455,Luka Milivojević,Right Foot,Normal,Goal,10/02/2018,Everton,Crystal Palace,2017/2018,Premier League,3468,Jordan Pickford,,,,,,,,,,,,,,,,,,,,,,,,,,,,,,,,
